anime_name,anime_review
Ледяные кости,—
Господин и пёс,—
Ранма 1/2 (2024),—
Рон Камонохаси: Невменяемый детектив 2,"9,1"
"Целитель, которого исключили из группы, оказался сильнейшим!","7,5"
Башня Бога: Битва при Мастерской,"9,1"
Блич: Тысячелетняя кровавая война — Конфликт,"9,4"
MF Призрак 2,"9,1"
Пуниру — милая слизь,—
Рубеж Шангри-Ла: Любитель игрошлака бросает вызов топ-игре 2,"9,3"
"История о девушке, которая не могла стать волшебницей",—
Бродяга Кэнсин: Беспорядки в Киото,"9,0"
Негативный позитивный рыбак,"8,8"
Грибной щенок,—
Любовь Мураи,"8,3"
Идолмастер: Блестящие цвета 2,—
Семь смертных грехов: Четыре всадника Апокалипсиса 2,"7,1"
Синий экзорцист: За снегом,"8,5"
"Я стану злодейкой, которая войдёт в историю","8,0"
Я стал учителем в школе монстров!,"6,2"
Нина в королевстве звёзд,"8,2"
Плохая поездка,—
Перерождение в аристократа со способностью анализа 2,"7,8"
Плачущий призрак на пенсии,"8,4"
"Ханако, призрак с внеклассными историями. Часть 2",—
"Король демонов, попытайтесь снова! R","5,1"
Избрание божества 2,—
"Может, я встречу тебя в подземелье? 5","9,0"
Живая любовь! Суперзвезда!! 3,—
Мастера Меча Онлайн: Альтернативная «Призрачная пуля» 2,"7,2"
Механические руки,"7,9"
Мифический дух: Хроники 2,"8,7"
О движении Земли,"9,3"
Игра на триллион,"8,3"
Синие Мибуро,—
Брачные узы с семьёй Амагами,"7,4"
Повелитель демонов 2099,"8,6"
Арифурэта: Сильнейший ремесленник в мире 3,"8,6"
Самый известный диктор создаёт самый великий в мире клан,"8,7"
"Прощай, жизнь дракона. Здравствуй, жизнь человека","7,9"
Кэнган Асура 2. Часть 2,"8,5"
"Старик, перевоплотившийся в кота",—
Нападение одиночки на иной мир,"7,1"
Ты — горничная,"8,5"
Голубая шкатулка,"9,1"
Этот глупый свин не понимает мечту девушки с рюкзаком,"9,2"
Дандадан,"9,5"
Компания «Маги-Люмьер»,—
Незнакомцы в другой жизни,"8,9"
"История о том, как я пришёл на вечеринку, а там не было ни одной женщины","7,6"
Вы правда женитесь?,"7,9"
Если бы моя жена стала младшеклассницей,"7,6"
Re: Жизнь в альтернативном мире с нуля 3,"9,3"
Терминатор: Зеро,"7,5"
"На этот раз одержи победу над императором драконов, благородная девушка!","8,9"
Спираль,"7,5"
Ария: Природа,—
Детская Делико,"8,0"
Достучаться до тебя 3,"8,9"
Истинная красота,"7,3"
Моя реинкарнация в отомэ-игре в качестве главной злодейки. Фильм,"8,1"
Нарэнарэ: Болеем за вас!,"6,1"
Ёко из Сэнгоку: Тысяча демонов хаоса,"7,3"
"Последнее поле брани между тобой и мной, или Святая война сотворения мира 2","8,1"
Цикл историй: Межсезонье и сезон монстров,"8,7"
"Моя подруга-олениха, Нокотан","7,7"
Мёртвые-мёртвые демоны ONA: Эпизод 0,"8,1"
Мёртвые-мёртвые демоны ONA,"8,4"
Меч и жезл Вистории,"8,6"
Полуночный удар,"7,9"
Тасукэцу,"5,9"
"Я стал самым сильным с провальным навыком «ненормальное состояние», я разрушу всё","7,4"
Маленький гражданин,"8,2"
От простого человека до героя-разведчика,"6,0"
Стесняшка 2,"4,7"
Слишком много проигравших героинь!,"8,6"
Ниер: Автомата — Версия 1.1а. Часть 2,"8,9"
Приключения в другом мире: Воспитывать детей будучи авантюристом,"7,4"
Рамэнная рыжего кота,"8,2"
Волшебница и злой офицер,"8,4"
"Я парировал всё время, чтобы стать сильнейшим авантюристом","7,7"
Магическая ремесленница Далия не унывает!,"7,5"
Люди подземелья,"7,9"
У моей жены нет эмоций,"7,4"
Грендайзер U,"5,3"
Почему все забыли мой мир?,"7,0"
Любовь неделима между близнецами,"6,4"
Звёздное дитя 2,"9,2"
Отряд самоубийц из другого мира,"7,6"
Терраса кафе богинь 2,"8,5"
Псевдогарем,"8,7"
"Невероятный новичок средних лет, прошедший тренировки на грани смерти","8,3"
Сильнейшим магом армии демонов был человек,"7,1"
Моя сэмпай — парень?,"6,5"
Код Гиас: Вернувшийся Розе,"4,8"
Юный лорд — мастер побега,"8,8"
"Витубер: Я стала популярной после того, как забыла выключить стрим","6,9"
Атри: Мои дорогие моменты,"8,5"
Жизнь с моей сводной сестрой,"7,6"
Башня Бога 2,"8,3"
Дисквалифицирован по жизни,"8,5"
Этот мир слишком несовершенен,"7,3"
Аля иногда кокетничает со мной по-русски,"8,6"
Человек-мускул,"4,3"
"Соблазн 2,5-мерного измерения","7,8"
Аватар короля 3,"7,3"
"Пока-пока, Земля","7,1"
Хроники людей и демонов,—
"Звучи, эуфониум! Соревнование ансамблей","7,2"
Новые врата,"7,5"
Борьба в прямом эфире,"8,7"
Моя геройская академия: Воспоминания,"5,7"
Записи «Астро»,"6,2"
Салатница чудаков,"7,9"
Плач девичьей группы,"7,4"
Ринкай!,"4,4"
Медуза не умеет плавать в ночи,"8,7"
Синий архив,"6,6"
Беззаботная жизнь в ином мире с читерскими способностями со второго уровня,"7,7"
"Студия, солнечная сторона, есть ангел","7,5"
"Мистика, юные девы и загадочное исчезновение","8,3"
"Перевоплотился в седьмого принца, так что я буду совершенствовать свою магию, как захочу","8,2"
Лагерь на свежем воздухе 3,"8,3"
Куда едет поезд судного дня?,"8,2"
Фабрика иллюзий Алисы и Терезы,"8,5"
Рандеву с жизнью 5,"8,6"
Танец мечей: Пылающий Хоннодзи,"5,2"
Мой сосед-ёкай,"8,2"
Непутёвый ученик в школе магии 3,"7,8"
Идолмастер: Блестящие цвета,"4,8"
Вампирское общежитие,"6,8"
Смертоносный герцог и его чёрная горничная 3,"8,6"
"Я, владыка демонов, взял эльфийку-рабыню в жёны. И как же мне её любить?","8,3"
Богиня жаждет игр,"6,7"
Бармен: Бокал бога,"8,6"
Безымянная память,"8,2"
Ворон не выбирает господина,"8,9"
Перерождение: Монстр,"7,8"
"История о дедушке и бабушке, которые снова стали молодыми","8,6"
Забвение бэттери,"8,1"
Моя геройская академия 7,"8,0"
Тёмный дворецкий: Школа-интернат,"8,9"
Басня,"9,3"
"Бывший герой, которого прозвали неудачником и выгнали из дома, решил жить самостоятельно","4,7"
Любовная лихорадка,"7,8"
Непризнанный школой владыка демонов 2. Часть 2,"7,2"
Волчица и пряности: Торговец встречает мудрую волчицу,"8,9"
Перерождение в аристократа со способностью анализа,"7,8"
"Клинок, рассекающий демонов: Тренировка столпов","9,2"
Реинкарнация безработного: История о приключениях в другом мире 2. Часть 2,"9,0"
Ветролом,"8,7"
Мой счастливый брак: Форма моего счастья,"8,5"
О моём перерождении в слизь 3,"8,7"
Операция: Семейка Ёдзакура,"8,4"
Этот замечательный мир! 3,"9,1"
Боевой отряд «Полный провал»,"7,6"
Дефрагментация! OVA,"7,7"
Дефрагментация!,"8,2"
Кайдзю номер восемь,"9,4"
"Звучи, эуфониум! 3","8,3"
Безоблачное завтра,"8,4"
Психопаспорт: Провидение,"8,7"
Ария,"8,1"
Достучаться до тебя 2,"8,8"
Ниндзя Камуи,"8,0"
Дропкик злого духа: Конец века,"6,1"
Другая сторона сэйю на радио,"7,7"
Взрывной храбрец Брэйверн,"5,9"
Самураи эпохи Мэйдзи: 1874,"7,6"
Повседневная жизнь бессмертного короля 4,"8,3"
Буттигири?!,"7,9"
Этот глупый свин не понимает мечту сестры на прогулке,"8,7"
Бар «Снэк Басуэ»,"6,6"
Кэйон!! План!,"8,8"
Неразумный ангел в танце с демоном,"7,5"
Опасность в моём сердце: Тви-Яба,"8,5"
Опасность в моём сердце 2,"9,1"
Кэйон в кино!,"9,0"
Кэйон!!,"9,1"
Кэйон! Лайв Хаус,"8,9"
Кэйон!,"9,1"
Семь смертных грехов: Недовольство Эдинбурга. Часть 2,"3,3"
Ёрмунганд 2: Идеальный порядок,"9,2"
Ведьма и чудовище,"9,0"
Ёрмунганд,"9,0"
Моя девушка и подруга детства часто ссорятся,"7,4"
Притворная любовь 2 OVA,"7,3"
Притворная любовь OVA,"8,0"
Притворная любовь 2,"8,1"
Притворная любовь,"8,1"
Сага о Гуине,"7,3"
История покорения знаменитого горячего источника в другом мире: Реинкарнация сорокалетнего любителя горячих источников в умиротворяющем курортном раю,"3,9"
Сильнейший танк покоряет подземелья,"6,8"
Синдуальность: Нуар. Часть 2,"8,6"
Принц демонов дома Момоти,"7,5"
Псевдонаучный ежемесячник,"5,6"
Злодейка наслаждается своей седьмой жизнью в качестве свободолюбивой невесты во вражеской стране,"8,5"
Ёко из Сэнгоку,"7,4"
Любовь с кончиков пальцев,"9,2"
Магия и мускулы 2,"9,0"
Старшая карта 2,"8,2"
Несносные пришельцы (2024),"8,4"
"Время пыток, принцесса!","6,7"
Металлическая Руж,"7,4"
Король огненной охоты 2,"7,1"
Королева со скальпелем,"8,3"
"Злодейка девяносто девятого уровня: «Я босс, но не король демонов»","8,2"
Исюра,"6,7"
Выходной Господина Злодея,"8,3"
Сказание об обручальных кольцах,"6,6"
Подземелье вкусностей,"9,3"
"Я делаю всё возможное, чтобы чувствовать себя как дома в другом мире","8,0"
Легенда о Тибе,"6,5"
Синий экзорцист: Сага об «Иллюминатах» Симанэ,"8,0"
Поднятие уровня в одиночку,"9,3"
Другой мир не может противостоять силе мгновенной смерти,"7,4"
Нежеланно бессмертный авантюрист,"8,9"
Раб спецотряда демонического города,"7,6"
Неправильный способ использования исцеляющей магии,"8,6"
Слабейшая укротительница отправляется в путешествие по сбору мусора,"8,7"
Убей или умри: Спецвыпуски,"8,4"
"Меня выгнали из гильдии героев, потому что я был плохим компаньоном, поэтому я решил неспешно жить в глуши 2","7,3"
Досанко-гяру чудо как милы,"8,1"
Царство 5,"9,1"
Сасаки и Пи,"8,0"
Шаман Кинг: Цветы,"7,3"
Добро пожаловать в класс превосходства 3,"8,9"
Низкоуровневый персонаж Томодзаки: Вторая стадия,"7,1"
Лунное путешествие приведёт к новому миру 2,"9,0"
Плач Асуры 2,"6,6"
Клинок ведьм,"8,5"
Манускрипт ниндзя: Новая глава,"7,7"
Манускрипт ниндзя,"9,1"
Храм: Никто не может жить в одиночестве — Спецвыпуски,"8,2"
О моём перерождении в слизь: Мечта Колеуса,"8,9"
Пять невест: Спецвыпуск,"8,8"
"Хёка: То, что нужно каждому","8,5"
Хёка,"8,5"
Монстр за соседней партой OVA,"7,6"
Монстр за соседней партой,"8,2"
Баки — сын Великана 2,"8,9"
Ускоренный мир: Бесконечный всплеск,"7,3"
Дайте сверюсь с прохождением!,"6,0"
"Спокойной ночи, мир","7,9"
Девушки-пони: Славное дерби 3,"5,7"
Достучаться до тебя,"8,9"
Гипнотический микрофон: Рэп-баттл дивизионов 2,"6,7"
Поющие мальчики из Кавагоэ,"4,4"
Аркнайтс: Зимнее уединение,"8,2"
Я выживу с помощью зелий!,"7,3"
Фури-кури: Шугейз,"6,8"
Синяя тюрьма: Блю Лок против юношеской сборной Японии,"8,5"
Избрание божества,"5,0"
16-битная чувственность: Новый слой,"7,8"
Буллбастер,"5,8"
"Я прибрал к рукам девушку, которая потеряла своего жениха, и теперь я учу её всяким плохим вещам","7,7"
Плач Асуры,"7,1"
Парадокс в прямом эфире,"8,1"
Фури-кури: Гранж,"3,4"
"Сто девушек, которые очень-очень-очень-очень-очень сильно тебя любят","8,4"
Блич: Тысячелетняя кровавая война — Прощание,"9,4"
Пожарный Дайго: Спаситель в оранжевом,"7,3"
История империи Тиамун,"7,7"
Провожающая в последний путь Фрирен,"9,5"
Стальной алхимик: Завоеватель Шамбалы,"8,4"
Заботы запертой принцессы вампиров,"7,8"
Кэнган Асура 2,"8,6"
Мой новый босс глупый,"8,8"
Четверо братьев Юдзуки,"8,9"
Плутон,"9,0"
Магия вернувшегося должна быть особенной,"8,1"
Монолог фармацевта,"9,6"
Обычный мужчина средних лет и его журнал активности в VRMMO,"7,4"
Обгон!,"8,5"
Рон Камонохаси: Невменяемый детектив,"8,9"
Смертельная игра мёртвой горы. Часть 2,"8,3"
"Ханако, призрак с внеклассными историями","8,2"
Наш дождливый протокол,"7,0"
Аллель Кидзуны 2,"5,2"
Семь смертных грехов: Четыре всадника Апокалипсиса,"7,1"
Я предпочитаю злодейку,"7,6"
"Моя дочь, отправившаяся в столицу, захотев стать авантюристом, достигла S-ранга","7,6"
Всемогущая магия святой 2,"8,3"
Ненасытный Берсерк,"7,9"
Телепат звёздной пыли,"6,6"
Мой телохранитель,"7,0"
Королевство руин,"7,1"
Искушённая ты и незрелый я,"7,5"
Стесняшка,"6,5"
Мои девушки 2,"7,6"
Семейная жизнь легкомысленной ведьмы,"7,6"
Нежити не повезло,"8,9"
Асура,"7,5"
Токийские мстители: Поднебесье,"8,7"
Далёкий паладин 2,"8,5"
Рубеж Шангри-Ла: Любитель игрошлака бросает вызов топ-игре,"9,0"
Очаровательная богиня еды 3,"8,6"
Рагна Багровый,"8,2"
Восхождение героя щита 3,"8,0"
Семья шпиона 2,"8,9"
Мастер демонического клинка из академии «Святого Меча»,"7,0"
Паучонок,"7,6"
MF Призрак,"8,8"
Восхождение в тени! 2,"9,0"
Невеста чародея 2. Часть 2,"8,9"
Доктор Стоун: Новый мир. Часть 2,"9,3"
Миги и Дали,"8,7"
Не ешь сырую свинину,"6,8"
Скажи: «Я люблю тебя» OVA,"8,3"
Скажи: «Я люблю тебя»,"8,4"
Убийца гоблинов 2,"8,2"
Низкоквалифицированный ниндзя,"7,8"
Некий научный Рейлган,"8,2"
Ямада и семь ведьм,"8,3"
Становясь волшебницей,"8,8"
Усопшие: Спецвыпуски,"8,4"
Усопшие,"8,6"
Ублюдок!! Сокрушитель тьмы 2 ONA,"8,0"
"Оказывается, можно стать волшебником, если хранить девственность до 30 лет","7,8"
Клеймор,"9,1"
Принцесса-шпионка: Укротитель короны 2,"7,7"
Одинокий замок в Зазеркалье,"8,7"
Вечера с кошкой 2,"8,9"
Шпионский класс 2,"8,0"
Повелитель тьмы на подработке!! 2,"7,4"
Унеси меня на Луну: Дни старшей школы,"8,7"
Ооку: Внутренние покои,"7,8"
"Тоннель в лето, выход прощаний","9,2"
Мастера Меча Онлайн: Прогрессив — Скерцо глубокой ночи,"8,6"
Сказка о сахарном яблоке. Часть 2,"9,1"
Бродяга Кэнсин,"8,7"
Ускоренный мир EX,"7,5"
История о мононокэ 2,"8,1"
Судьба/Странная подделка: Шёпот рассвета,"8,6"
Фарс из убийства девушки-нежити,"9,0"
Маленькая сэмпай с моей работы,"7,5"
Аяка,"7,6"
Великий из бродячих псов 5,"9,2"
Храм: Никто не может жить в одиночестве,"8,0"
Ура мечте! Это MyGO!,"6,5"
Ателье Райзы: Королева тьмы и тайное пристанище,"6,6"
Моя возлюбленная забыла свои очки,"7,5"
Хоримия: Кусочек,"9,2"
"Королева, ставшая причиной трагедии, сделает для народа всё, что в её силах","7,9"
Из мечтателя в реалиста,"7,3"
Фермер-аристократ,"4,3"
"На самом деле, я самый сильный?","7,0"
Йохане из паргелия: Солнечный свет в зеркале,"5,9"
Синдуальность: Нуар,"8,4"
Я переродился торговым автоматом и скитаюсь по лабиринту,"6,3"
Семь главенствующих мечей,"7,2"
Смертоносный герцог и его чёрная горничная 2,"8,5"
Агент времени 2,"9,4"
"Лжец, лжец","7,4"
Предсмертный список зомби,"9,0"
Гены искусственного интеллекта,"7,4"
"Непобедимый святой: Путь, которым я иду, чтобы выжить в другом мире","8,1"
Девушка на час 3,"7,6"
Месть Масамунэ! R,"8,1"
Сладкое перевоплощение,"7,5"
Чёрный клевер: Меч короля магов,"8,6"
Тёмное собрание,"8,4"
Реинкарнация безработного: История о приключениях в другом мире 2,"9,1"
Магическая битва 2,"9,4"
Святая Сесилия и пастор Лоуренс,"7,6"
"Кот, мастер на все лапки, сегодня снова грустит","9,0"
"Хотя я только первого уровня, но с этим уникальным навыком я стану сильнейшим","6,8"
Мой счастливый брак,"8,7"
Однушка лорда демонов и героя,"8,2"
Хельк,"8,2"
Класс для героев,"6,5"
Супербои в повседневности,"7,2"
Дом Пяти Листьев,"8,1"
Вторжение Кальмарки OVA,"6,9"
Вторжение Кальмарки 2,"7,5"
Вторжение Кальмарки,"8,0"
Князь тьмы с задней парты,"7,7"
Пластиковые воспоминания,"9,0"
"По правде говоря, я...","7,5"
Маг на полную ставку 6,"7,8"
Тёмный дворецкий 2,"8,3"
Тёмный дворецкий,"8,7"
"Как и ожидалось, моя школьная романтическая жизнь не удалась 3 OVA","8,8"
Киноманка Помпо,"8,9"
"Всем возможным тебе, которых я любил","8,2"
"Единственному мне, кто тебя любил","8,3"
Принцесса-шпионка: Укротитель короны,"7,5"
Мировые легенды театра,"7,2"
Звёздное дитя,"9,2"
Рейтинг короля: Сундук с сокровищами мужества,"8,1"
Мобильный воин Гандам: Ведьма с Меркурия 2,"8,1"
Волшебник-воин Орфен 4,"6,7"
Тень любви в тайной комнате,"8,8"
Маргинальная служба,"5,7"
Смертельная игра Мёртвой горы,"8,3"
Слишком милый кризис,"7,9"
Плохие девчонки Рокудо,"7,1"
Терраса кафе богинь,"8,3"
Галактика по соседству,"8,1"
В бегах: Великая миссия,"4,9"
Юри — это моя работа!,"6,4"
Герой мёртв!,"7,5"
Читерский навык из другого мира сделал меня непобедимым в моём,"7,3"
Деятельность Бога в мире без богов,"7,7"
Долой безделье!,"8,9"
О моём перерождении в слизь: Алые узы,"8,9"
Нулевой Эдем 2,"7,9"
Мой домашний герой,"8,2"
Пустоголовый переведённый ученик,"7,9"
Призванный в другой мир во второй раз,"6,3"
Опасность в моём сердце,"8,5"
Моя любовь к Ямаде 999 уровня,"8,9"
Госпожа Кагуя: в любви как на войне — Первый поцелуй никогда не заканчивается,"9,2"
Великая небесная стена,"9,0"
Принесённая в жертву Принцесса и Царь зверей,"8,8"
"Клинок, рассекающий демонов: Деревня кузнецов","9,2"
Микс: История Мэйсэй 2,"5,4"
Адский рай,"9,3"
Невообразимые приключения перерождённого дворянина,"7,9"
Невеста чародея 2,"8,9"
Невеста герцога по контракту,"8,9"
Птичье крыло: История гольфисток 2,"7,5"
Магия и мускулы,"8,8"
Эльф Эдомаэ,"7,6"
Одаривая этот замечательный мир взрывами!,"8,3"
Синий оркестр,"7,8"
Идолмастер: Девушки-золушки — U149,"5,6"
Опус. Цвета,"3,2"
"Другой мир и сестра, которая убивает с одного удара","6,7"
Аллель Кидзуны,"4,9"
Алиса — механизм Эгиды,"4,5"
В другом мире со смартфоном 2,"6,8"
Унеси меня на Луну 2,"8,6"
Девочки-волшебницы: Волшебные разрушительницы,"7,1"
Доктор Стоун: Новый мир,"9,2"
Ми-ми-ми-мишка 2,"7,8"
Бессонница после школы,"8,9"
Внук Нурарихёна: Тысячелетняя столица духов,"8,8"
Внук Нурарихёна,"8,5"
Пингвиний барабан,"7,3"
Записная книжка Бога,"7,7"
Атака титанов: Финал — Заключительная глава,"9,2"
Эф — история мелодий,"7,9"
Эф — история воспоминаний,"8,3"
Ускоренный мир,"7,8"
Дракон-горничная госпожи Кобаяси 2: Японское гостеприимство — Присутствие дракона,"8,8"
Алиса и Зороку,"8,1"
Озорная Такаги. Фильм,"9,1"
Повесть о конце света 2,"9,0"
Дзюндзи Ито: Маньяк,"7,3"
Путь домохозяина 2,"9,0"
Старшая карта,"8,2"
Неспешная жизнь уволенного тёмного солдата (тридцати лет),"8,1"
Магическая революция перерождённой принцессы и гениальной юной леди,"7,6"
Волшебник ледяного клинка правит миром,"7,2"
Необычное такси: В лесу,"8,1"
Кулинарные скитания в параллельном мире,"9,0"
Сказ о парии,"7,8"
Томо — девушка!,"8,8"
Ледяной парень и классная девушка-коллега,"8,0"
Кубо не прощает меня — моба,"8,0"
Ангел по соседству,"8,8"
Эндо и Кобаяси в прямом эфире комментируют злодейку,"7,9"
Пять невест. Фильм,"8,8"
"Перевоплотившийся король-герой, ставший самой сильной ученицей рыцаря","7,2"
История о мононокэ,"8,4"
"Авантюристы, которые не верят в человечество, спасут мир","7,2"
Король огненной охоты,"7,9"
Монстр,"9,3"
Сбережение восьмидесяти тысяч золотых монет в другом мире к моей старости,"7,8"
"Может, я встречу тебя в подземелье? 4. Часть 2","9,1"
Фермерская жизнь в ином мире,"8,7"
Кайна в великом снежном море,"7,6"
Реинкарнация сильнейшего оммёдзи: Эти монстры слишком слабы по сравнению с моим ёкаем,"8,1"
Волшебник-воин Орфен 3,"6,7"
Треугольник Аякаси,"5,9"
Папаши-дружбаны,"9,2"
Мститель,"8,0"
Гигантский зверь Арса,"7,0"
Клуб стрельбы из лука: Зона выстрела,"8,4"
Клуб стрельбы из лука 2,"8,9"
D4DJ: Первый микс 2,"7,1"
Мой братик теперь не братик!,"8,1"
Семь смертных грехов: Недовольство Эдинбурга,"3,0"
Плод эволюции 2,"5,2"
Ниер: Автомата — Версия 1.1а,"8,6"
Шпионский класс,"7,0"
Стать любимой собачкой,"5,6"
Токийские мстители: Рождественская битва,"8,5"
Этот вампир постоянно умирает 2,"8,4"
Технороид: Сверхразум,"6,9"
"Не издевайся, Нагаторо: Вторая атака","8,3"
Великий из бродячих псов 4,"9,1"
Сказка о сахарном яблоке,"8,9"
Легенда о героях: След холодной стали — Северная война,"6,0"
Ещё раз «иппон»!,"6,0"
Детективное агентство Ли,"7,0"
Лукизм,"8,5"
Триган: Ураган,"8,0"
Мастер на все руки Сайто в другом мире,"8,2"
Сага о Винланде 2,"9,0"
Ложные выводы 2,"8,5"
"Не люблю боль, поэтому собираюсь вложить всё в защиту 2","7,9"
Избранный богами 2,"7,6"
Непризнанный школой владыка демонов 2,"8,1"
Унеси меня на Луну: Униформа,"8,9"
Слушайтесь папу! OVA,"7,2"
Слушайтесь папу! Поккапока,"7,4"
Слушайтесь папу!,"8,1"
Невероятное приключение ДжоДжо: Каменный океан. Часть 3,"8,9"
Нежный укус+,"7,7"
Нежный укус,"7,5"
Школа убийц: Театр марионеток OVA,—
Школа убийц: Театр марионеток,"6,7"
Школа убийц,"7,5"
Легенда о Белом Коте 2,"7,9"
Братство чёрной крови,"8,0"
Мув-Лув: Альтернатива 2,"7,4"
Гангрейв,"9,1"
"Мастер муси: Тень, поглотившая Солнце","9,0"
Семь смертных грехов: Проклятые светом,"8,2"
Скитальцы OVA,"8,7"
Скитальцы: Специальное издание,"8,4"
Ублюдок!! Сокрушитель тьмы. Часть 2 ONA,"7,6"
Флотская коллекция. Фильм,"6,8"
Флотская коллекция,"6,6"
Флотская Коллекция: Однажды в этом море,"6,5"
Несносные пришельцы (2022),"7,7"
Любовные неудачи,"7,4"
Легенда о мане: Кристалл слёз,"4,9"
"Моя жизнь после того, как однажды утром я стал микрофоном в голове манекена","6,9"
Вечные мальчики,"5,1"
Трусливый велосипедист: Преодоление лимита,"6,4"
Война горничных Акибы,"8,5"
Корзинка фруктов: Прелюдия,"9,3"
Принцесса-библиофил,"7,5"
Развращённая гильдия,"7,6"
Университет сумасшедших людей,"7,0"
Ваззрок,"3,8"
"Сыграйте круто, ребята","8,4"
Повседневная жизнь бессмертного короля 3,"7,7"
"Укротитель зверей, изгнанный из команды героя, встретил девочку-кошку из сильнейшей расы","8,1"
Четыре человека и ложь каждого,"7,0"
"Каким-то образом я стал сильнейшим, прокачивая фермерские навыки","6,3"
"Больше чем пара, меньше чем любовники","8,5"
Одинокий рокер!,"9,2"
Берсерк: Золотой век — Мемориальное издание,"6,4"
Аркнайтс: Прелюдия к рассвету,"7,6"
Мобильный воин Гандам: Ведьма с Меркурия,"8,1"
Мобильный воин Гандам: Ведьма с Меркурия — Пролог,"8,4"
Ворона императорского гарема,"8,7"
Время ниндзя,"6,8"
Жилой комплекс С,"6,8"
Магазинчик начинающего алхимика,"7,4"
Арифурэта: Сильнейший ремесленник в мире 2 OVA,"7,7"
Кошачьи дни,"8,1"
Золотое божество 4,"9,0"
Питер Грилл и время мудреца 2,"6,3"
Планетарианка: Снежный шар,"8,3"
Магическая битва 0. Фильм,"9,4"
Моб Психо 100 3,"9,3"
О моём перерождении в меч,"8,5"
Блич: Тысячелетняя кровавая война,"9,5"
Киберпанк: Бегущие по краю,"9,1"
"Добро пожаловать в ад, Ирума! 3","8,6"
Радость подъема: Следующая вершина,"7,6"
Семья шпиона. Часть 2,"9,1"
Моя геройская академия 6,"9,1"
"Для тебя, Бессмертный 2","9,1"
Синяя тюрьма: Блю Лок,"9,2"
У моего мастера нет хвоста,"7,5"
Восхождение в тени!,"8,9"
Человек-бензопила,"9,3"
Удзаки хочет тусоваться! 2,"8,3"
Пираты «Чёрной лагуны»: Кровавая тропа Роберты,"9,0"
Пираты «Чёрной лагуны»: Второй залп,"9,3"
Пираты «Чёрной лагуны»,"9,2"
"Я стала злодейкой, поэтому мне нужно заарканить последнего босса","8,3"
Сделай это сам!,"8,3"
Невероятное приключение ДжоДжо: Каменный океан. Часть 2,"8,6"
Баки Ханма,"8,5"
Эрго Прокси,"8,9"
Рилаккума и Каору,"6,5"
Рилаккума и парк развлечений,"4,2"
Граница пустоты: Благословение будущего — Дополнительная глава,"8,1"
Теккен: Кровные узы,"7,1"
Граница пустоты: Благословение будущего,"8,1"
Удар крови: Финал,"7,6"
Технолайз,"7,6"
Безумный азарт: Близнецы,"7,8"
У меня мало друзей: Дополнение,"7,6"
У меня мало друзей: Эпизод 0,"7,2"
У меня мало друзей: Продолжение,"8,1"
У меня мало друзей,"7,8"
Детективы Футо,"7,1"
Моя новая горничная очень подозрительна,"7,4"
Блестящий пост,"7,5"
Прославленный: Маска истины,"7,4"
Мастера Меча Онлайн: Прогрессив — Ария в беззвёздной ночи,"8,6"
Доктор Стоун: Рюсуй,"9,3"
Ориент. Часть 2,"8,3"
Усаги из Уравы,"5,9"
Мусасино!,"6,0"
Буттигирэ!,"6,6"
Чёрный призыватель,"8,1"
Новый Принц Тенниса: Чемпионат мира U-17,"7,0"
"Созданный в Бездне: Солнце, вспыхнувшее в Золотом городе","9,2"
Улыбка Арснотории,"5,5"
Духи Деко,"6,1"
Сияющие ведьмы,"6,7"
Вершина!,"5,7"
Песнь ночных сов,"8,7"
Живая любовь! Суперзвезда!! 2,"7,6"
Ликорис Рикоил,"8,7"
Дом теней 2,"9,0"
Удар! Гол в будущее,"6,1"
Дочь моей мачехи — моя бывшая девушка,"7,6"
Фармацевт из параллельного мира,"8,5"
Ублюдок!! Сокрушитель тьмы ONA,"7,2"
Перестану быть героем: Спецвыпуски,"7,7"
Маленькие проказники! Ещё раз,"8,1"
Маленькие проказники!,"7,9"
Жизнь перерождённого мудреца в другом мире. Получение второй профессии и становление сильнейшим,"6,9"
Вампир в саду,"8,2"
Гарем рабов в лабиринте другого мира,"7,5"
Убей или умри,"8,7"
Повелитель тьмы на подработке!!,"7,6"
Серебряная ложка 2,"9,0"
Серебряная ложка,"8,8"
Радуга: Семеро из шестой камеры,"9,0"
Иная: Другая — Судьба,"8,4"
Иная,"8,4"
Золотая пора,"8,7"
Перерождение Дяди,"9,0"
Повелитель 4,"9,1"
Серебряный лис,"8,5"
Клуб добрых дел,"7,7"
Дропкик злого духа 3,"7,5"
Вечера с кошкой,"8,8"
Привлекая поцелуй,"8,0"
"Красный, белый, чёрный, жёлтый: Ледяная империя","6,8"
Вермейл в золотом: Сильнейший маг проходит через магический мир с сильнейшей катастрофой,"7,8"
Добро пожаловать в класс превосходства 2,"9,1"
Экстремальные сердца,"6,1"
Люцифер и Бисквитный Молот,"5,3"
Богиня идола-мерзавца,"7,2"
Дочка босса и её нянька,"8,9"
Аюму всё равно станет ближе,"7,4"
Новое Токио Мяу Мяу,"6,1"
"Может, я встречу тебя в подземелье? 4","8,6"
Девушка на час 2,"7,9"
Пляжные приключения Муроми OVA,"6,5"
Пляжные приключения Муроми,"7,3"
Гэнсикэн. Второе поколение,"6,9"
Шутки чокнутой столицы ONA,"6,4"
Шутки чокнутой столицы (2012),"6,9"
Шутки чокнутой столицы,"7,9"
Хана и Алиса: Дело об убийстве,"6,5"
Труп под ногами Сакурако,"8,6"
"Я не понимаю, что говорит мой муж 2","8,2"
"Я не понимаю, что говорит мой муж","7,9"
Ежемесячное сёдзё Нодзаки,"8,2"
Рассвет Йоны OVA,"9,0"
Рассвет Йоны,"8,9"
Записи о магии: Девочка-волшебница Мадока★Волшебство — Гайдэн. Финал,"7,5"
Книга магии для начинающих с нуля,"8,3"
Последний призыватель,"6,9"
Обручённые кукушками,"7,6"
Живая любовь! Клуб идолов старшей школы Нидзигасаки 2,"6,5"
Летнее время,"9,3"
Птичье крыло: История гольфисток,"7,4"
Она и её кот: Всё меняется,"9,1"
Аоаси,"9,1"
Этот хилер меня бесит!,"6,1"
Царство 4,"9,3"
Тайна куноити Цубаки,"6,7"
Семья шпиона,"9,2"
"Танцуй свой танец, танцор","8,5"
Арифурэта: Сильнейший ремесленник в мире 2 — Спецвыпуск,"7,9"
Рандеву с жизнью 4,"8,9"
Любовь после порабощения мира,"7,8"
Восхождение чародея,"6,9"
Настоящая героиня,"8,2"
Рыцарь-скелет в другом мире,"8,4"
Офисная леди и малышка-призрак,"7,9"
Величайший Повелитель Демонов перерождается как типичное ничтожество,"7,2"
RPG недвижимость,"6,0"
Деаймон,"8,3"
У Коми проблемы с общением 2,"8,8"
Игра друзей,"9,0"
Перестану быть героем,"8,1"
Моя девушка не просто милашка,"7,6"
Поэзия теней: Пламя,"5,3"
Власть книжного червя 3,"8,9"
Девушка-целитель,"6,7"
Летний призрак,"9,1"
Стрелок с чёрной скалы: Падение,"7,0"
В симуляторе свиданий: Нелёгкая жизнь мобов в мире отомэ-игр,"8,6"
Восхождение героя щита 2,"7,6"
Истинная сила тысячи,"4,8"
Игра с нулевым счётом,"7,0"
Билд Дивайд: Белый код,"7,1"
Фанфары юности,"7,1"
Непостижимая Ахарэн,"8,3"
Жизнь девушки-карателя,"6,3"
Влюблённые учёные и научное доказательство любви 2,"8,4"
Сотворение жизни: Великий побег,"5,4"
Тусовщик Кунмин,"9,1"
Как воспитать героиню из обычной девушки: Финал,"8,4"
Городская дьяволица 2,"8,0"
Госпожа Кагуя: в любви как на войне 3,"9,3"
Реинкарнация безработного: История о приключениях в другом мире. Эрис — убийца гоблинов,"9,0"
Моя геройская академия: Миссия мировых героев,"8,8"
Озорная Такаги: Водные горки,"8,3"
Дети на орбите,"8,0"
Сказания Луминарии: Роковое перепутье,"5,5"
Дарованный OVA,"8,8"
Судьба/Великий приказ: Финальная сингулярность — Соломон,"8,3"
Судьба/Великий приказ: Камелот — Паладин,"8,4"
Судьба/Великий приказ: Камелот — Странствие,"8,2"
Динхайские хроники иного мира,"6,6"
Герой-рационал перестраивает королевство. Часть 2,"8,5"
Озорная Такаги 3,"8,9"
Клуб белых воротничков,"8,5"
Клан девяти,"7,3"
Контратака женщины-полицейского,"8,0"
Куроицу из отдела сверхчеловеческого развития,"6,7"
Досье лорда Эль-Меллоя II — Спецвыпуск,"8,7"
Рандеву с пулей: Кошмар или королева,"8,8"
Непутёвый ученик в школе магии: Воспоминания,"8,9"
Город предсказательниц,"7,9"
Очаровательная богиня еды 2,"8,6"
Аргеволлен,"6,8"
"В другом мире с мужчиной, обратившимся красоткой","8,1"
Мир Лидейл,"8,2"
Девушки на линии фронта,"6,7"
Цзычуань,"5,1"
Ориент,"7,6"
Связь принцесс: Повторное погружение 2,"7,9"
Суперзлодеи,"8,1"
Исчезновение Юки Нагато,"6,9"
Исчезновение Харухи Судзумии,"9,1"
Меланхолия Харухи Судзумии 2,"8,2"
Меланхолия Харухи Судзумии,"8,7"
Медленная петля,"8,0"
Сильнейший мудрец низшей эмблемы,"7,2"
Убийственная любовь,"8,5"
Знак!,"6,4"
Арата: Легенда,"7,2"
Признание Фумико,"7,7"
Любовь и ложь,"6,6"
Похороны Короля Роз,"7,3"
Аполлон: Дети на холме,"9,0"
Школьная форма Акэби,"8,2"
Эта фарфоровая кукла влюбилась,"9,0"
Сасаки и Мияно,"8,8"
Двадцать четвёртый округ Токио,"8,0"
Биско-ржавоед,"8,5"
Мемуары Ванитаса. Часть 2,"9,2"
Фантазия о Троецарствии: Духовность небес,"5,0"
Она представилась как ученик мудреца,"7,1"
Арифурэта: Сильнейший ремесленник в мире 2,"7,8"
Мини-футбол для мальчиков,"6,3"
Ржавые доспехи,"2,8"
Сказание о демонах сакуры: Сказание о Синсэнгуми OVA,"7,2"
Невеста чародея — Мальчик с Запада и всадник мглы,"9,0"
Баскетбол Куроко: Это лучший подарок!,"9,1"
Комета Люцифер,"7,0"
Баскетбол Куроко: Вбрасывание,"8,8"
Фронт кровавой блокады 2 OVA,"7,4"
"Пощади меня, великий господин!","9,0"
Руководство гениального принца по вызволению страны из долгов,"8,8"
Невероятное приключение ДжоДжо: Каменный океан,"8,6"
Повседневная жизнь в фотостудии времени,"8,4"
Повседневная жизнь бессмертного короля 2,"7,9"
Атака титанов: Финал. Часть 2,"9,2"
Бегущий по лезвию: Чёрный лотос,"5,5"
Кровь Триединства,"8,5"
Евангелион 3.0+1.01: Как-то раз,"8,8"
Повариха в доме майко,"7,3"
Топить в вине бушующее пламя печали,"8,7"
Бог войны,"5,3"
Кагинадо,"6,2"
Хеталия: Мировые звёзды,"7,5"
Путь домохозяина. Часть 2,"9,0"
Глубинное безумие: Потерянное дитя,"6,7"
Импульс мира 3,"8,7"
Принцессы-полудемоны — Вторая глава,"7,0"
"Клинок, рассекающий демонов: Бесконечный поезд","9,2"
Билд Дивайд: Чёрный код,"7,7"
Покемон: Секреты джунглей,"8,3"
Визуальная тюрьма,"7,8"
Далёкий паладин,"8,1"
Лучший в мире ассасин переродился в другом мире аристократом,"8,5"
У Коми проблемы с общением,"8,4"
Гордость оранжевых!,"5,9"
Платиновый предел,"7,3"
Такт. Опус Дестини,"8,7"
Воины Пограничья,"7,2"
Плод эволюции,"7,0"
"Луна, Лайка и Носферату","8,5"
Реинкарнация безработного: История о приключениях в другом мире. Часть 2,"9,4"
Один из отвергнутых: Изгой 4,"7,8"
Восемьдесят шесть. Часть 2,"9,5"
Девочка-батарейка из мира-перевёртыша,"6,0"
Заметки Теслы,"3,0"
Ночь по ту сторону треугольного окна,"7,6"
Давайте тоже слепим кружку 2,"6,5"
Отборочный проект,"8,0"
Тотальный гарем,"6,9"
Звёздные войны: Видения,"6,4"
Рейтинг короля,"9,0"
Чёрные метки,"7,6"
Мув-Лув: Альтернатива — Полное затмение,"7,6"
Мув-Лув: Альтернатива,"6,0"
Мутэкинг: Танцующий герой,"4,9"
Голубой период,"8,9"
Вечноцветущая сакура,"4,3"
"Клинок, рассекающий демонов: Квартал красных фонарей","9,5"
Мешки и пушки!,"7,6"
Мой сэмпай раздражает!,"8,8"
Божественная семейка,"7,0"
"Доки, ты справишься!","7,2"
Сказка о девушке эпохи Тайсё,"9,1"
Этот вампир постоянно умирает,"8,2"
Девушки-пони: Ёнкома,"6,2"
Девушки-пони: Славное дерби 2,"7,3"
Кафе из другого мира 2,"8,9"
Кафе из другого мира,"8,6"
Любит — не любит,"8,5"
"Меня выгнали из гильдии героев, потому что я был плохим компаньоном, поэтому я решил неспешно жить в глуши","8,1"
Агент времени: Спецвыпуск,"7,9"
Повесть о доме Тайра,"9,1"
"Девочка, которая видит это","8,4"
Записи о магии: Девочка-волшебница Мадока★Волшебство — Гайдэн 2,"7,2"
Магистр дьявольского культа 3,"9,4"
Я в тебе не сомневаюсь,"8,6"
Дефектные: Доступ запрещён,"6,9"
Унеси меня на Луну OVA,"9,1"
Ремейк нашей жизни: Рекап,"8,1"
Моё семнадцатое лето,"8,4"
Истребитель демонов: Поезд «Бесконечный»,"9,3"
Фена: Принцесса пиратов,"8,5"
Скрытые вещи. Фильм,"8,4"
Граница пустоты 8: Эпилог,"8,1"
Граница пустоты 7: Теория убийства — Часть 2,"8,7"
Граница пустоты 6: Мелодия забвения,"8,0"
Маг на полную ставку 5,"8,5"
Граница пустоты 5: Спираль парадокса,"8,8"
Граница пустоты 4: Храм пустоты,"8,3"
Мегатон,"4,8"
Так сложно любить отаку OVA,"9,0"
Красавица-воин Сейлор Мун: Вечность 2,"8,1"
Граница пустоты 3: Оставшееся чувство боли,"8,4"
Граница пустоты 2: Теория убийства  — Часть 1,"8,2"
Граница пустоты 1: Сад грешников,"8,1"
"Я, Цусима","8,8"
D_Cide: грёзы,"5,4"
Красавица-воин Сейлор Мун: Вечность,"7,8"
Месть Масамунэ OVA,"7,6"
Месть Масамунэ,"7,5"
Морская академия. Фильм,"7,8"
Морская академия OVA,"8,0"
Морская академия,"8,1"
Хроники расхитителей гробниц: Волшебное дерево Циньлина,"8,0"
Джахи не будет отчаиваться!,"7,8"
Смертоносный герцог и его чёрная горничная,"8,5"
Повесть о конце света,"8,1"
Дореми: В поисках волшебства,"8,3"
Когда плачут цикады: Выпускной,"8,1"
Детектив уже мёртв,"8,2"
Приоритет чудо-яйца: Спецвыпуск,"7,9"
Готика,"8,9"
Акватоп белого песка,"8,1"
Сумеречный разум 2041,"7,6"
Девушка из оперы!!,"8,3"
Парни из магазинчика,"7,5"
Я стою на миллионах трупов 2,"7,8"
Мифический дух: Хроники,"8,6"
Мои девушки,"7,3"
Битва через 5 секунд после встречи,"8,0"
Лунное путешествие приведёт к новому миру,"9,0"
Персиковый мальчик с того берега,"7,4"
Восемьдесят шесть: Спецвыпуск,"8,6"
Божества Идатэн в мирном поколении,"8,8"
Незнакомец на берегу моря,"8,9"
Тяжкий труд в подземелье,"8,7"
Моя реинкарнация в отомэ-игре в качестве главной злодейки 2,"8,2"
Агент времени: Поединок за руку дочери,"9,2"
Герой-рационал перестраивает королевство,"8,4"
Живая любовь! Суперзвезда!!,"7,9"
Почётная ученица в школе магии,"6,8"
Мемуары Ванитаса,"9,0"
Комендант общежития богинь,"7,8"
Размеренная жизнь чит-фармацевта: Создание аптеки в альтернативном мире,"6,5"
Ремейк нашей жизни,"8,6"
Лунный проект 2,—
Дракон-горничная госпожи Кобаяси 2,"8,9"
Ре-Мейн,"8,8"
Алый Нексус,"6,9"
Первый отряд: Момент истины,"7,2"
О моём перерождении в слизь 2. Часть 2,"9,2"
Двуличный братик Урамити,"8,8"
Фантастические дети,"6,9"
Госпожа Кагуя: в любви как на войне OVA,"8,4"
Клинок и душа,"7,0"
"Прощай, мой дорогой Крамер: Первое касание","6,3"
Низкоуровневый персонаж Томодзаки OVA,"7,6"
Рок-шоу! Звёзды!,"7,1"
Сонни Бой,"8,8"
Остров гигантских насекомых. Фильм,"5,8"
История семьи Аркана,"7,2"
Рыцари и магия,"8,3"
Сакэ Вакако,"8,2"
Ясукэ,"6,8"
Агент времени,"9,4"
"Зачем Вы здесь, учитель?! Спецвыпуск","8,2"
Вайолет Эвергарден. Фильм,"9,5"
Вечно ленивый Танака,"8,8"
Небесное вторжение,"8,1"
Феи Ранмару: Мы спасём твоё сердце,"5,6"
"Может, я встречу тебя в подземелье? 3 OVA","8,5"
Подземелье Токио,"7,1"
Девушки и танки: Война тайяки!,"7,4"
Гармония,"7,5"
Девушки и танки: Финал. Часть 3,"8,1"
Девушки и танки: Финал. Часть 2,"8,0"
Девушки и танки: Финал,"8,1"
Эхо террора,"9,0"
Афросамурай: Воскрешение,"8,0"
Афросамурай,"8,3"
Годзилла: Точка сингулярности,"7,8"
Цестус: Римский боец,"6,3"
"Добро пожаловать в ад, Ирума! 2","8,9"
Сальто назад!,"8,9"
"Романтическая комедия, в которой подруга детства ни за что не проиграет","7,0"
Токийские мстители,"8,8"
Путь домохозяина,"8,9"
Победа боевых атлетов ReSTART!,"4,7"
"Не издевайся надо мной, Нагаторо","8,2"
Повелитель тьмы: Другая история мира 2,"8,1"
СД Гандам: Герои мира,"2,8"
Восемьдесят шесть,"9,2"
Мир ограничивается тобой. Анимация,"6,9"
Айтю: На полпути к идолу,"7,6"
Другой мир,"8,0"
Необычное такси,"9,2"
Дневники слизи,"8,5"
Корзинка фруктов: Финал,"9,4"
"Для тебя, Бессмертный","9,1"
Я побрился. Затем привёл домой старшеклассницу,"8,4"
Семь рыцарей революции: Преемник героя,"6,7"
Хори и Миямура,"8,2"
Хикару и Го,"8,8"
Виви: Песнь флюоритового глаза,"9,2"
"Прощай, мой дорогой Крамер","6,1"
Пламенное кабадди,"8,2"
Чистый звук,"8,5"
Красавчики-детективы,"8,4"
Супер Каб,"8,6"
Давайте тоже слепим кружку,"7,1"
"Убивая слизней 300 лет, сама того не заметив, я достигла максимального уровня","7,7"
Карточные бои «Авангард»! Замещение,"4,7"
Нулевой Эдем,"8,1"
Смута: Принцесса снега и крови,"7,7"
Диназенон,"7,3"
Судьба/Ночь схватки: Прикосновение небес 3,"9,0"
Не называй это любовью!,"8,4"
Патриотизм Мориарти 2,"9,4"
Дом теней,"8,9"
Моя геройская академия 5,"8,5"
Дарованный. Фильм,"9,1"
Синий луч отражения,"5,8"
Зомбилэнд-Сага: Месть,"8,3"
Комбатанты будут высланы!,"8,8"
Дракон в поисках дома,"6,9"
Всемогущая магия святой,"8,3"
Мегалобокс 2,"9,0"
"Что, если чрезвычайно развитая ролевая игра с полным погружением вызывает большее привыкание, чем реальность","8,2"
Красный Марс,"8,2"
Би: Начало 2,"7,0"
Орган геноцида,"8,2"
Работяга,"7,4"
Война двенадцати,"7,9"
Отикоборэ: Фруктовый пирог,"7,0"
Шаман Кинг (2021),"8,3"
"Доктор Рамунэ, специалист по мистическим болезням","8,4"
Миёри и волшебный лес,"7,7"
Новый мастер кулинарии 2,"5,3"
Волшебник-воин Орфен 2,"7,4"
Деревенская глубинка 3,"8,8"
Токийское восьмибалльное,"8,9"
Панда большая и маленькая,"8,1"
Проза бродячих псов: Шуточные истории,"9,0"
Фуука,"7,9"
Доктор Стоун: Каменные войны,"9,2"
Лазурный путь: Малый вперёд!,"7,7"
Заметки Ятогамэ 3,"5,7"
Маг-целитель: Новый старт,"8,3"
Лог Горизонт 3,"8,2"
Приоритет чудо-яйца,"8,6"
Экс-Арм,"2,8"
О моём перерождении в слизь 2,"9,2"
Реинкарнация безработного: История о приключениях в другом мире,"9,4"
Инцидент Кэмоно,"8,9"
Импульс мира 2,"8,7"
SK8: На скейте в бесконечность,"9,3"
Хоримия,"9,3"
"Сильнейший герой, обученный в тайном подземелье","7,7"
"Да, я паук, и что?","8,3"
Проект Скард: Шрам Прэйтер,"7,2"
Путь назад,"7,3"
Низкоуровневый персонаж Томодзаки,"8,0"
Пять невест 2,"8,9"
Небесное бюро дизайна,"8,2"
Лагерь на свежем воздухе 2,"9,0"
Волейбольный клуб старшей школы Сэйин,"7,5"
Клетки за работой: Тёмная сторона,"8,9"
Клетки за работой 2,"8,7"
Обещанный Неверленд 2,"7,7"
Сага о Гортензии,"6,8"
Девушки в доспехах,"5,4"
Выдающиеся звери 2,"8,3"
О моём перерождении в слизь: Хината Сакагучи,"7,5"
Гэкидол,"5,1"
Пикник в Потусторонье,"8,3"
"История о пареньке из деревни, расположенной перед сложнейшим подземельем","7,3"
Семь смертных грехов: Яростное правосудие,"8,0"
Ведущие звёзды,"8,4"
Re: Жизнь в альтернативном мире с нуля 2. Часть 2,"8,7"
D4DJ: Первый микс,"7,7"
Рандеву с пулей: Смерть или пуля,"8,8"
Боевой континент 5,"8,6"
Боевой континент 4,"8,3"
Боевой континент 3,"8,5"
Боевой континент 2,"8,7"
Боевой континент,"8,4"
Пожиратель богов: Пролог,"7,5"
Пожиратель богов,"8,3"
Любовь под гипнозом,"8,0"
Магистр дьявольского культа: Чиби,"9,1"
Благословение небожителей,"9,4"
7 семян 2,"8,1"
Я пытался уговорить её в догэдза: Эпизод 13,"7,0"
Я пытался уговорить её в догэдза,"7,0"
Путешествие к бессмертию,"7,4"
Штурмовые ведьмы: Дорога на Берлин,"7,3"
Дворянство: Пробуждение,"8,9"
Дворянство: Начало разрушения,"8,7"
A3! Осень и зима,"8,1"
Бедственная правда,"7,8"
Разминка!,"5,7"
Сон в замке демона,"9,0"
Самурай-гимнаст,"8,7"
"День, когда я стала Богом","8,5"
Королевский рейд: Наследники воли,"6,9"
Дворянство,"8,7"
Сжечь ведьму,"8,0"
Патриотизм Мориарти,"9,3"
Магическая битва,"9,3"
Когда плачут цикады: Разгадки,"8,9"
Когда плачут цикады,"8,5"
Золотое божество 3,"9,2"
Живая любовь! Школьный клуб айдолов,"7,5"
Ми-ми-ми-мишка,"8,5"
Держись крепче! Скалолазки,"7,5"
Инуяся: Последний акт,"8,5"
Принцессы-полудемоны,"7,1"
Унеси меня на Луну,"8,9"
Я стою на миллионах трупов,"7,6"
Путешествие Элейны,"8,5"
Полководцы Сигрдрифа,"6,3"
"Гипнотический микрофон: рэп-баттл дивизионов, Райм-Анима","7,6"
Штурм Лили: Букет,"7,6"
Догма дракона,"7,2"
"Последнее поле брани между тобой и мной, или Святая война сотворения мира","8,2"
Западные ворота парка Икэбукуро,"8,5"
Кошечка из Сакурасо,"8,7"
Из нового света,"8,1"
Бездарная Нана,"8,0"
Избранный богами,"8,2"
Атака титанов: Финал,"9,3"
Когда плачут цикады: Карма,"8,3"
"Может, я встречу тебя в подземелье? 3","8,7"
22/7: Эпизод 13,"7,2"
Адати и Симамура,"7,9"
Акудама Драйв,"8,7"
Непутёвый ученик в школе магии: Гость,"8,5"
Закрыты в рамках. Геном [Прямая трансляция]: Узлы воспоминаний,"8,1"
Сводки бюро расследований,"7,2"
"Ты единственная, кто любит Великого Меня?! OVA","8,8"
Шерлок из Кабуки-тё OVA,"7,5"
Сквозь слёзы я притворяюсь кошкой,"8,7"
Волейбол!! К вершине 2,"9,3"
Моя геройская академия: Сделай это! Тренировка на выживание,"8,3"
Шестая зона,"8,4"
Олимпия Киклос,"5,6"
Кизнайвер,"8,5"
Легенда о Касиве,"4,4"
Любовь и продюсер,"7,1"
Невеста титана,"5,4"
Гибель Японии 2020,"8,0"
"Как и ожидалось, моя школьная романтическая жизнь не удалась 3","9,0"
Удзаки хочет тусоваться!,"8,3"
Мастера Меча Онлайн: Алисизация — Война в Подмирье. Рекап,"8,4"
Деми хотят поболтать,"8,4"
Питер Грилл и время мудреца,"6,7"
Пламенная бригада пожарных 2,"9,1"
Непризнанный школой владыка демонов,"8,6"
Жизнь без оружия 2,"8,8"
Маг на полную ставку 4,"8,5"
Джибиэйт,"5,1"
Доктор для девушек-монстров,"8,0"
Девушка на час,"7,8"
Бог старшей школы,"8,8"
Дека-данс,"8,5"
Бюро паранормальных расследований Мухё и Родзи 2,"8,2"
Лазурные огни,"7,7"
Формирование извращённой силы,"7,0"
Великий притворщик,"9,0"
Смертельный бильярд,"8,8"
Парад смерти,"8,8"
Re: Жизнь в альтернативном мире с нуля 2,"8,7"
Гостиница Окко,"7,4"
Баки 2,"8,6"
Сумеречная Дева и Амнезия: Дева и экзорцизм,"8,7"
Сумеречная Дева и Амнезия,"8,8"
Ты и я 2,"8,2"
Ты и я,"8,2"
Красная черта,"9,1"
Мастер китайского альманаха,"7,6"
Аргонавис из «Ура мечте!»,"6,7"
Легенда о Белом Коте,"7,7"
Буря потерь: Истребление цивилизации,"8,5"
Домовой дух Татами,"5,8"
Дюрарара!! 2: Продолжение — В ритме влюблённых,"8,2"
Дюрарара!! 2: Финал — Дюфуфуфу!!,"8,2"
Дюрарара!! 2: Финал,"8,7"
Дюрарара!! 2: Наследие — Горячее набэ согревает мне сердце,"8,1"
Дюрарара!! 2: Продолжение,"8,7"
Дюрарара!! 2: Наследие,"8,6"
Дюрарара!! Спешлы,"8,4"
Дюрарара!!,"8,6"
Народные сказки из будущего,"4,6"
Руководство сотен демонов,"8,3"
Один из отвергнутых: Изгой 3,"8,2"
7 самураев,"8,3"
Бог обмана,"7,4"
Мой «комплекс братика» морали не остановить! — Спешлы,"6,8"
Мой «комплекс братика» морали не остановить!,"7,0"
"В те годы, когда я работал в зоопарке","8,1"
Детективное агентство дятла,"7,4"
Дропкик злого духа: Эпизод 12,"7,3"
Дропкик злого духа 2,"7,7"
Вечеринка мёртвых: Истязаемые души,"7,2"
Вечеринка мёртвых: Пропавшая запись,"6,5"
Цугумомо 2,"8,6"
Цугумомо OVA,"8,3"
Цугумомо,"8,0"
Спой мне «Yesterday»,"8,3"
Кулинарные поединки Сомы: Пятое блюдо,"8,8"
Ванпанчмен 2: Спецвыпуски,"8,6"
Небесный избранник из древних сказаний,"6,2"
Госпожа Кагуя: в любви как на войне 2,"9,1"
Богатый детектив. Баланс: Неограничен,"8,9"
Поэзия теней,"5,7"
Волшебник-воин Орфен: Спецвыпуск,"7,3"
Рыбалка для школьниц после занятий,"8,6"
Корзинка фруктов 2,"9,2"
Связь принцесс: Повторное погружение,"7,3"
Царство 3,"9,2"
Проект «Белая Кошка»,"6,2"
Глейпнир,"8,2"
Моя реинкарнация в отомэ-игре в качестве главной злодейки,"8,4"
Гяру и динозавр,"5,7"
Арте,"8,6"
Литераторы и алхимики: Шестерни судей,"8,2"
Слушатели,"7,0"
Совершенно новый зверь,"8,8"
Башня Бога,"8,8"
"Восьмой сын, я так не думаю!","7,6"
Сакура: Новая война миров,"5,1"
Тамаёми,"7,1"
"Волны, слушайте меня","8,5"
Скрытые вещи,"9,0"
"Президент, пришло время для битвы!","6,3"
Чистюля! Аояма,"8,1"
Небо в цвету!,"8,8"
Фантазия Гранблю 2: Глава Джиты,"6,7"
"Ты же любишь мамочку, удары которой бьют по площади двойным уроном? OVA","7,0"
Этот замечательный мир! Багровая легенда,"9,1"
Семёрка идолов: Вибрато,"7,3"
Семёрка идолов,"7,3"
Семёрка идолов 2,"7,0"
Любовь с незапамятных времен,"7,0"
Власть книжного червя 2,"8,9"
Власть книжного червя OVA,"8,6"
Шоколад Купидона 2,"7,9"
Шоколад Купидона,"7,5"
"Вперёд, ко вселенной!!","7,5"
Магические войны,"7,0"
Добро пожаловать в NHK,"8,7"
Руководство по семенам фей,"7,6"
Антидот,"8,1"
"Ты – хозяин, я – слуга","7,5"
"Эй, люби меня всерьёз!","7,3"
Повседневная жизнь бессмертного короля,"8,3"
Монополия моего героя,"8,5"
Ну не может моя сестрёнка быть такой милой: Спешлы,"7,6"
Ну не может моя сестрёнка быть такой милой: Анимированный комментарий,"5,6"
Ну не может моя сестрёнка быть такой милой 2,"7,3"
Ну не может моя сестрёнка быть такой милой,"7,0"
По велению адской сестры: Отбытие,"7,9"
По велению адской сестры: Взрыв OVA,"7,9"
По велению адской сестры: Взрыв — Спешлы,"7,9"
По велению адской сестры: Взрыв,"8,0"
По велению адской сестры OVA,"8,1"
По велению адской сестры: Спешлы,"7,6"
По велению адской сестры,"7,8"
Удар крови: Королевство валькирии,"7,8"
Удар крови II,"7,9"
Удар крови III,"8,0"
Удар крови IV,"7,7"
Удар крови: Потерянное Святое Копьё,"7,4"
"В подземелье я пойду, там красавицу найду! 2 OVA","7,5"
Убийца гоблинов: Корона гоблина,"8,6"
Мастера Меча Онлайн: Алисизация — Война в Подмирье 2,"8,6"
Плод Грисайи,"8,5"
Рай Грисайи: Спешлы,"8,1"
Плод Грисайи: Спешлы,"7,6"
Лабиринт Грисайи: Спешл,"8,1"
Лабиринт Грисайи,"8,9"
Рай Грисайи,"8,6"
A3! Весна и лето,"8,0"
Люпен III: Ложь Фудзико Минэ,"6,9"
Дорохедоро,"8,9"
22/7,"7,9"
Бог разрушения за соседней партой,"6,9"
Квартет из альтернативного мира 2,"8,0"
Влюблённые учёные и научное доказательство любви,"8,4"
Ода «Корица» Нобунага,"7,5"
Волейбол!! Земля против воздуха,"9,0"
Волейбол!! К вершине,"9,3"
Ангельские ритмы! Другой эпилог,"8,4"
Ангельские ритмы! Спецвыпуски,"8,3"
Мой сосед Сэки-кун: Спешлы,"7,9"
Мой сосед Сэки-кун OVA,"7,7"
Мой сосед Сэки-кун,"8,5"
Рок-шоу! 3,"6,8"
Улыбайся на подиуме,"8,8"
Тама: Откуда же он взялся?,"7,7"
Загадочные дела ювелира Ричарда,"8,5"
Туалетный мальчик Ханако,"9,0"
Кошачий рай,"8,2"
Бесконечный Дендрограм,"7,7"
Разрушители,"7,2"
Небесные драконы,"8,0"
Номер 24,"8,3"
Паразит: Учение о жизни,"9,2"
Фантом: Реквием по Призраку — Спешлы,"7,3"
Фантом,"7,2"
Фантом: Реквием по Призраку,"8,6"
Добро пожаловать в Сэтон,"7,7"
Свяжись со мной!,"7,5"
"Не люблю боль, поэтому собираюсь вложить всё в защиту","8,4"
Руки прочь от киноклуба!,"9,1"
Ложные выводы,"8,2"
Межвидовые рецензенты,"8,9"
Заметки Ятогамэ 2,"6,4"
Перерождение для тебя,"5,9"
Слабый удар: Последняя стадия,"8,4"
Кровь-C: Специальное издание,"7,4"
Кровь-C: Последняя тьма,"7,7"
Кровь+,"8,3"
Кровь: Последний вампир,"7,3"
Кровь-C,"7,3"
Игра Дарвина,"8,7"
Малыши! Чёрный клевер,"6,7"
Влюблённый астероид,"7,5"
Сомали и Дух леса,"9,1"
Некий научный Рейлган S: Все важнейшие открытия делаются во время купания,"6,4"
Некий научный Рейлган S,"8,2"
Некий научный Рейлган T,"8,5"
Комнатный поход,"8,1"
Записи о магии: Девочка-волшебница Мадока★Волшебство — Гайдэн,"7,2"
"Если мой кумир споёт на Будокане, то я умру","7,7"
Ура мечте! 3,"7,7"
Волшебник-воин Орфен,"7,1"
Питомец,"7,6"
Иллюзия Хатэны,"6,3"
ID: Вторжение,"8,9"
.хак//Легенда сумеречного браслета,"5,8"
.хак//Переходная стадия,"5,3"
.хак//ЗНАК,"6,5"
Божественные куклы: Спешлы,—
Божественные куклы,"7,1"
Блудный сын: Спешлы,—
Блудный сын,"6,1"
Торадора! Секрет приготовления бэнто,"8,4"
Торадора! OVA,"8,1"
Торадора! SOS,"7,7"
Торадора!,"8,8"
Синий экзорцист,"8,6"
Синий экзорцист: Путешествие Куро,"8,6"
Синий экзорцист: Спешлы,"7,8"
Синий экзорцист: Нечестивый король Киото OVA,"8,2"
Синий экзорцист: Нечестивый король Киото,"8,5"
Синий экзорцист,"8,6"
Повелитель тьмы на подработке!,"8,5"
"Скучный мир, где не существует самой идеи похабных шуток","8,3"
Несокрушимая механическая кукла: Спешлы,"7,5"
Несокрушимая механическая кукла,"7,5"
Непутёвый ученик в школе магии: Изучаем магические предметы!,"6,5"
Непутёвый ученик в школе магии: Спецвыпуски,"6,8"
Непутёвый ученик в школе магии: Взывающая к звёздам,"8,5"
Непутёвый ученик в школе магии,"8,3"
Призрак в доспехах 2.0,"7,9"
Измерение «W»: Спешл ,"8,0"
Измерение «W»: Спешлы,"6,9"
Измерение «W»,"8,5"
Боевая академия города Астериск 2,"8,0"
Боевая академия города Астериск,"7,9"
Баскетбольный клуб! SS,"6,2"
Баскетбольный клуб! OVA,"6,2"
Баскетбольный клуб!,"6,7"
Грисайя: Призрачный курок,"6,7"
Белая коробка,"7,2"
Белая коробка: Спешлы,"5,7"
Белая коробка,"8,2"
В поисках потерянного будущего: В поисках потерянных летних каникул,"7,2"
В поисках потерянного будущего,"7,4"
Хроники Валькирии: Обреченные,"7,3"
Хроники Валькирии: Театр Валькирий,"5,6"
Хроники Валькирии,"8,3"
Тайна принцессы,"7,0"
Давайте сыграем: Спешлы,"7,2"
Давайте сыграем OVA,"7,4"
Физиология извращенцев OVA,"5,3"
Физиология извращенцев,"5,8"
Грабитель,"8,1"
Импульс мира,"8,3"
Радость подъема 3,"6,9"
Радость подъема: Воспоминания,"5,5"
Радость подъёма — Спешл,—
Радость подъема 2,"7,2"
Радость подъема: Каков стимул восхождения?,"6,3"
Радость подъема,"7,1"
Небесный метод: Дополнительный эпизод,—
Небесный метод: Спешл,"6,1"
Небесный метод,"7,4"
Яркая Тихая 3,"8,5"
"Яркая Тихая 2: Вся жизнь проходит незаметно, как долгий осенний дождь","7,6"
Яркая Тихая 2,"8,6"
Яркая Тихая,"8,5"
Мастера Меча Онлайн II: Расследование,"8,3"
Горизонт посреди пустоты: Спешл,"6,2"
Горизонт посреди пустоты 2,"7,2"
Горизонт посреди пустоты,"6,6"
Левиус,"7,7"
Психопаспорт 3,"8,0"
Психопаспорт: Грешники системы — По ту сторону царства,"8,7"
Психопаспорт: Грешники системы — Первый блюститель,"8,3"
Психопаспорт: Грешники системы — Преступление и наказание,"7,9"
Психопаспорт (фильм),"8,6"
Психопаспорт 2,"8,5"
Психопаспорт,"9,0"
Чёрная лиса,"7,5"
Хроники непобеждённого Бахамута,"7,8"
Страна чудес смертников: Обладатель красного ножа,"7,8"
Страна чудес смертников,"7,8"
Усио и Тора OVA,"6,6"
Усио и Тора OVA,"7,1"
Усио и Тора 2,"9,0"
Усио и Тора,"8,8"
Созданный в Бездне: Блуждающие сумерки,"9,3"
Созданный в Бездне: Начало путешествия,"9,2"
Созерцая колготки: Фотосессия,"7,2"
Мальчики Голливуда 2,"4,3"
Мальчики Голливуда,"4,9"
Лидер,"6,8"
Уж не зомби ли это? Среди мертвецов OVA,"7,6"
Уж не зомби ли это? Среди мертвецов,"7,8"
Уж не зомби ли это? OVA,"7,7"
Уж не зомби ли это?,"7,5"
Золотое божество 2 OVA,"8,5"
Золотое божество OVA,"8,3"
Бананя,"8,4"
Бананя: Таинственные друзья,"7,8"
Человек-дьявол: Плач,"8,4"
Мы не можем учиться! OVA,"8,3"
Девчонка не промах 2,"8,5"
Девчонка не промах: Экстра,"8,4"
Кровавый парень: Я не кот,"8,1"
Кровавый парень,"8,1"
Инспекторы чудес Ватикана OVA,"6,7"
Инспекторы чудес Ватикана,"7,9"
Тэнка Хяккэн: Добро пожаловать в зал Мэйдзи!,"5,8"
Аватар короля: Вершина славы,"9,0"
"Небо, где встретились звёзды","9,1"
Выдающиеся звери,"8,3"
Кандагава: Девушки на гидроциклах,"6,3"
Мастер кулинарии,"5,9"
Нулл и Пета,"7,2"
Винтовка прекрасна,"6,4"
Мини-лилии,"5,9"
Лилии на ветру OVA,"6,7"
Лилии на ветру 3,"8,0"
Лилии на ветру: Летние каникулы — Спешлы,"6,8"
Лилии на ветру: Летние каникулы,"7,5"
Лилии на ветру 2,"7,7"
Лилии на ветру: Спешл,"6,6"
Лилии на ветру,"7,7"
Валькирия и любовь,"6,8"
Новый мастер кулинарии,"6,2"
Шерлок из Кабуки-тё,"8,1"
Кулинарные поединки Сомы: Четвёртое блюдо,"8,9"
Жизнь без оружия,"8,6"
Гордость убийцы,"7,6"
Сказка о Хвосте феи: Жрица Феникса,"8,4"
Сказка о Хвосте феи OVA 2,"8,6"
Клинок Бессмертного,"7,8"
Клинок Бессмертного,"8,6"
Шакотан Буги,"6,5"
Власть книжного червя,"8,7"
Созданный в Бездне: Рассвет глубокой души,"9,4"
Семь смертных грехов: Гнев богов,"8,2"
Офисный работник из Африки,"7,1"
Клетка с насекомыми,"5,2"
Мастера Меча Онлайн: Алисизация — Война в Подмирье. Отражение,"8,4"
Фантастическая Звезда Онлайн 2: Эпизод Оракул,"7,0"
Фантастическая Звезда Онлайн 2,"7,3"
"Я сказала, усредни мои способности!","7,8"
"За мной, мои герои: Часть истины","6,8"
Актёры,"7,7"
Вавилон,"7,8"
Пропавшие феи 2,"8,0"
Специальный отдел криминальных расследований: Токунана,"7,6"
Мы не можем учиться! 2,"8,5"
Задержи этот звук! 2,"9,2"
"Добро пожаловать в ад, Ирума!","8,8"
Сумасшедшие ребята,"7,7"
Фантазия Гранблю 2,"7,6"
Лазурный путь,"7,6"
Сверходарённым школьникам даже другой мир нипочём!,"7,7"
Re: Жизнь с нуля в альтернативном мире: Замороженные узы,"8,3"
Z/X: Код воссоединения,"6,1"
Клуб настольных игр,"7,1"
"Этот герой неуязвим, но очень осторожен","8,4"
Дорога зверя,"7,7"
Радиан 2,"8,9"
Команда мечты,"8,5"
"Ты единственная, кто любит Великого Меня?!","8,4"
Ди — охотник на вампиров,"7,7"
Ди — охотник на вампиров: Жажда крови,"8,9"
"Моб Психо 100 2: Путешествие, которое склеивает сердце и исцеляет душу","8,6"
Маги: Приключение Синдбада,"8,6"
Маги: Приключение Синдбада,"9,0"
Маги: Королевство магии,"9,0"
Маги: Лабиринт магии,"8,7"
Ангельские ритмы!,"8,6"
Кузнец святого меча,"7,2"
Хочу стать сильнейшей в мире! Спешлы,"5,3"
Хочу стать сильнейшей в мире!,"5,8"
Дневник Анны Франк,"7,5"
Врата Штейна 0: Валентинов кристаллический полиморфизм с горько-сладкой начинкой,"8,6"
Сними меня,"6,9"
Моя геройская академия: Восхождение героев,"8,9"
Моя геройская академия 4,"8,9"
Госпожа Умница,"6,0"
Госпожа Умница. Фильм 1,"8,4"
Госпожа Умница. Фильм 2,"8,3"
Связанные миры,"7,0"
Связанные миры,"6,6"
Абсолютный дуэт,"7,6"
Кэнган Асура. Часть 2,"8,8"
Военная хроника маленькой девочки. Фильм,"8,4"
Маска героя 2,"6,8"
Судьба/Ночь схватки: Прикосновение небес,"8,6"
Судьба/Ночь схватки: Прикосновение небес 2,"8,9"
Пушечные снаряды,"6,8"
Неуязвимая Левиафан,"6,2"
Клетка духа: Воплощение,"8,1"
Томиэ,"7,6"
Райдбэк,"7,5"
"Было бы лучше, если бы здесь была только младшая сестра ONA: Спешлы","5,8"
Принц тенниса: Лучшие игры,—
Принц тенниса: Решающая теннисная битва в английском замке!,"6,0"
Принц тенниса: Спешлы,—
Принц тенниса: Послание в бутылке,—
Принц после школы,—
Новый принц тенниса OVA,"6,5"
Новый принц тенниса: Спешлы,"6,0"
Новый принц тенниса,"6,8"
Принц тенниса: Другая история 2. Бонус,—
Принц тенниса: Другая история 2,"5,0"
Принц тенниса: Другая история — Сообщения из прошлого и будущего,"5,2"
Принц тенниса: Национальный турнир. Финал,"6,6"
Принц тенниса: Национальный турнир. Полуфинал,"6,4"
Принц тенниса: Национальный турнир,"6,9"
Принц тенниса: Подарок Атобэ,—
"Принц тенниса: Два самурая, первая игра","5,9"
Принц тенниса: Новогодний выпуск,—
Принц тенниса: День выживания в горах,"6,2"
Принц тенниса,"8,3"
Арифурэта: Сильнейший ремесленник в мире — Дополнительные эпизоды,"7,8"
Арифурэта: Сильнейший ремесленник в мире — Рекап,"7,6"
Судьба/Великий приказ,"7,4"
Великий правитель,"7,3"
Акира,"8,3"
Любовные неприятности: Тьма 2 — Спешлы,"7,9"
"Любовные неприятности: Мультипликация — Спереди, сзади","7,8"
Любовные неприятности: Тьма 2 OVA,"7,9"
Любовные неприятности: Тьма 2,"8,2"
Любовные неприятности: Тьма OVA,"8,2"
Любовные неприятности: Тьма,"8,1"
Ещё больше любовных неприятностей,"8,0"
Любовные неприятности OVA,"7,8"
Любовные неприятности,"7,8"
Розарио + Вампир 2,"8,0"
Розарио + Вампир,"7,7"
Шумиха! Спешлы,"7,7"
Шумиха!,"8,2"
Судьба/Великий приказ: Вавилония,"8,7"
Судьба/Великий приказ: Вавилония — Начало путешествия,"7,7"
Фи Брейн: Загадка Бога 3,"7,4"
Фи Брейн: Загадка Бога - Орден Орфея,"7,5"
Фи Брейн: Загадка Бога,"7,7"
Магистр дьявольского культа 2,"9,4"
Рыцари усердия,"6,9"
"А ты думал, что твоя жена в онлайн-игре на самом деле не девушка?","7,1"
Кэнган Асура,"8,5"
H2O: Следы на песке,"6,7"
Баунти Дог,"6,5"
5 сантиметров в секунду,"7,8"
Паладин на поле,"8,1"
11 глаз: Спешл,"5,5"
11 глаз,"5,9"
Бандитос,"8,7"
Дорога под Небом,"5,9"
Доводчики: Отряд «Чёрные агнцы»,"6,6"
Шаман Кинг: Спешлы,"8,5"
Шаман Кинг,"9,2"
Аватар короля 2,"8,9"
Хранитель вечности OVA,"8,4"
Один на вылет,"9,1"
Вперед! Вперед! 575 — Спешл,"5,5"
Вперед! Вперед! 575,"5,0"
Чара-хранители! Вечеринка!,"7,5"
Чара-хранители!! Сердцебиение,"8,0"
Чара-хранители!,"8,3"
Дни мечты,"5,8"
Планета Короля Зверей,"7,7"
Босоногий Гэн 2,"8,4"
Босоногий Гэн,"9,1"
Меч правды,"5,3"
Психические войны,"5,2"
Школьной романтической комедии мешают мои мысленные выборы OVA,"7,6"
Школьной романтической комедии мешают мои мысленные выборы,"8,0"
Дарованный,"9,1"
Проект Урда,"4,5"
Деревенская глубинка: Каникулы,"8,4"
Деревенская глубинка 2: И вновь прекрасные деньки,"8,2"
Деревенская глубинка 2,"8,4"
Деревенская глубинка: Мы решили отправиться на Окинаву,"8,2"
Деревенская глубинка,"8,4"
"Если будешь не занят, спасёшь меня от апокалипсиса?","8,7"
О моём перерождении в слизь OVA,"8,9"
"Готов ли ты влюбиться в извращенку до тех пор, пока она милая?","7,4"
Страсть на кончиках пальцев: Мой друг детства — пожарный,"7,3"
Одуванчик из призамкового города,"7,5"
Бэм,"7,6"
Городская дьяволица,"7,8"
Ради своей дочери я смогу победить даже короля демонов,"8,6"
"Астра, затерянная в космосе","9,1"
Насколько тяжёлые гантели ты сможешь поднять?,"8,2"
Эксперименты Лэйн,"8,5"
"Может, я встречу тебя в подземелье? 2","8,5"
Озорная Такаги 2,"8,5"
Мастерство копа,"8,4"
Отвергнутый священный зверь,"7,7"
Школа-тюрьма: Мастерское скольжение,"8,5"
Школа-тюрьма,"8,5"
Прекрасная бабочка: Юный Нобунага,"8,3"
Бедствие ли это?,"7,6"
Доктор Стоун,"9,3"
Сезон беспокойных дев,"7,6"
Дневник мистических существ,"7,1"
Пламенная бригада пожарных,"9,0"
Бездельные дни старшеклассницы,"8,0"
7 семян,"7,5"
Фокусница-старшеклассница,"7,3"
"Ты же любишь мамочку, удары которой бьют по площади двойным уроном?","6,5"
Гранбелм,"6,4"
Некий научный Акселератор,"8,4"
"Король демонов, попытайтесь снова!","8,3"
На твоей волне,"8,5"
Клубничная тревога!,"8,0"
Закрыты в рамках. Геном [Прямая трансляция],"8,1"
Маг-обманщик из другого мира,"6,7"
Досье лорда Эль-Меллоя II,"8,5"
Сага о Винланде,"9,4"
Арифурэта: Сильнейший ремесленник в мире,"8,1"
Ниндзя Нобунаги: Эпизод 0,"7,1"
Ниндзя Нобунаги 3,"7,4"
Ниндзя Нобунаги 2,"7,4"
Ниндзя Нобунаги,"7,7"
Не сдавайся!,"9,1"
Дитя погоды,"9,1"
Музыкальная школа звёзд 2: Дополнительные эпизод,—
Музыкальная школа звёзд 2 OVA,—
Музыкальная школа звёзд OVA,—
Музыкальная школа звёзд,"6,2"
Музыкальная школа звёзд 2,"5,7"
Музыкальная школа звёзд 3,"5,5"
Остров гигантских насекомых,"5,6"
Песня боевых принцесс: Мехасимфония,"6,6"
Песня боевых принцесс: Мехасимфония 2,"6,4"
Песня боевых принцесс: Мехасимфония 3,"6,0"
Песня боевых принцесс: Мехасимфония 4,—
Песня боевых принцесс: Мехасимфония 5,—
Улица демонов: Рекапы,"7,2"
Улица демонов,"8,1"
Нодамэ Кантабиле OVA 2,—
Нодамэ Кантабиле: Финал — Эпизод 0,"7,1"
Нодамэ Кантабиле OVA,"6,4"
Нодамэ Кантабиле: Спешл,"6,6"
Нодамэ Кантабиле: Финал,"7,9"
Нодамэ Кантабиле: Парижская глава,"8,1"
Нодамэ Кантабиле,"8,5"
Триган: Переполох в пустошах,"9,0"
Триган,"9,2"
Звёзды ансамбля!,"8,1"
Хост-клуб Оранской школы,"9,2"
Хроники клуба Возвращения домой,"5,8"
Волчица и пряности II: Спешлы,"8,3"
Волчица и пряности II: Волчица и янтарная меланхолия,"8,9"
Волчица и пряности II,"9,2"
Волчица и пряности,"9,2"
Волчий дождь: Финал,"8,9"
Волчий дождь,"8,9"
Тетрадь дружбы Нацумэ: Эфемерная связь,"9,0"
Высокая скорость: Так начинался «Вольный стиль!»,"8,8"
Ван-Пис: Золотое сердце,"7,8"
Вольный стиль! Заплыв в будущее — Эпизод 0,"8,2"
Вольный стиль! Займите свои позиции,"8,6"
Вольный стиль! Вечное соревнование — Узы,"8,1"
Вольный стиль! Вечное соревнование — Обещание,"8,2"
Вольный стиль! Вечное лето — Спешл,"8,2"
Вольный стиль! Вечное лето,"8,7"
Вольный стиль! Спешлы,"8,2"
Вольный стиль!,"8,4"
Герой Юки Юна: История Вашио Суми — Клятва,—
Герой Юки Юна: История Вашио Суми — Душа,—
Герой Юки Юна: История Вашио Суми — Друг,"5,0"
Герой Юки Юна: Солнечное место,—
Герой Юки Юна: Глава Суми Васио,"5,9"
Герой Юки Юна,"7,1"
"Эй, у тебя ушки торчат! 2","8,8"
"Эй, у тебя ушки торчат!","8,6"
"Как и ожидалось, моя школьная романтическая жизнь не удалась 2 OVA","8,8"
"Как и ожидалось, моя школьная романтическая жизнь не удалась 2","8,8"
"Как и ожидалось, моя школьная романтическая жизнь не удалась OVA","8,6"
"Как и ожидалось, моя школьная романтическая жизнь не удалась","8,7"
Боевая лига: Мастера меха-гаджетов,"5,9"
Промар,"8,2"
Планетарианка: Мечта одинокой звёздочки,"8,8"
Планетарианка: Звёздный странник,"9,1"
Страна самоцветов,"9,0"
Феи из бутылки,"6,1"
Красноволосая принцесса Белоснежка OVA,"8,8"
Красноволосая принцесса Белоснежка 2,"8,9"
Красноволосая принцесса Белоснежка,"8,6"
А всё-таки город вертится,"7,2"
Адская девочка: Разговоры в сумерках,"7,5"
Адская девочка: Три пути,"7,7"
Адская девочка: Двое заключенных,"8,2"
Адская девочка,"7,8"
Z/X: Зажигание,"6,0"
Прекрасный ритм: Король Призмы,—
Король Призмы: Семь сияющих звёзд,—
Король Призмы: Семь сияющих звёзд,"5,2"
За гранью: Мини-театр,"7,7"
За гранью: Я буду рядом — Спешл,"8,3"
За гранью: Я буду рядом — Прошлое,"8,5"
За гранью: Я буду рядом — Будущее,"8,9"
За гранью: Плевать на чувства — я тебя засужу,"6,9"
За гранью: Рассвет,"8,5"
За гранью,"8,5"
Созерцая колготки,"7,3"
Девушки и танки: Внедрение!,"7,6"
Девушки и танки,"8,0"
Девушки и танки,"8,3"
Девушки и танки: Битва за Арису!,"8,0"
В этом уголке мира,"8,7"
Одноклассник,"8,9"
Код Гиас: Лелуш воскресший,"8,7"
Код Гиас: Восставший Лелуш — Император,"8,7"
Код Гиас: Восставший Лелуш — Пробуждение,"8,6"
Код Гиас: Восставший Лелуш — Восстание,"8,6"
А вот и чёрная колдунья!,"6,5"
Темный мститель Дарксайд,"7,0"
Невероятное приключение ДжоДжо: Несокрушимый алмаз,"9,1"
Невероятное приключение ДжоДжо: Рыцари звёздной пыли 2,"9,4"
Невероятное приключение ДжоДжо OVA (1993),"8,2"
Невероятное приключение ДжоДжо OVA (2000),"8,0"
Невероятное приключение ДжоДжо: Рыцари звёздной пыли,"9,3"
Невероятное приключение ДжоДжо,"8,9"
Поп и Кью,"6,8"
Эроманга-сэнсэй OVA,"8,0"
Порочная ночь со священником,"4,0"
Невероятное приключение ДжоДжо: Золотой ветер,"9,2"
Императорская наложница,"8,8"
Королевский репетитор: Фильм,"8,7"
Мой сосед Токоро,"5,8"
Королевский репетитор,"8,6"
Ультрамен,"4,1"
Атака титанов 3. Часть 2,"9,4"
Банщик: Я и она в женской бане?!,"7,6"
Повседневная жизнь старшеклассников: Спешлы,"7,9"
Повседневная жизнь старшеклассников,"8,4"
Сарадзаммай,"7,3"
Кабанэри железной крепости 3: Битва за Унато,"8,8"
Кабанэри железной крепости: Война — Начало следа,"7,9"
Кабанэри железной крепости,"8,5"
Миллион Артуров: Спешл,—
Миллион Артуров 2,"6,2"
Заботливая 800-летняя жена!,"8,6"
Квартет из альтернативного мира,"8,0"
РобиХати,"7,4"
Да здравствует Амитабха: Лотус Утены,"7,1"
Тринити: Семеро магов OVA,"8,4"
Любовь эпохи Мэйдзи,"7,3"
Тринити: Семеро магов,"8,0"
О моём перерождении в слизь: Дневник Вельдоры,"8,4"
"Звучи, эуфониум! Последняя клятва","8,4"
Вайолет Эвергарден: Вечность и призрак пера,"9,2"
"Вайолет Эвергарден: День, когда ты поймешь, что я люблю тебя, обязательно наступит","9,3"
"Зачем Вы здесь, учитель?!","8,1"
Оккультные служащие полуночи OVA,—
Оккультные служащие полуночи,"8,3"
Пропавшие феи,"7,2"
Корзинка фруктов,"8,2"
Тринити: Семеро магов — Вечная библиотека и девушка-алхимик,"8,3"
Тринити: Семеро магов — Небесная библиотека и Багровый Король,"8,4"
Кэрол и Тьюсдей,"8,9"
Штурмовые ведьмы: 501-й отряд поднимается в небо!,"6,9"
Внук мудреца,"8,1"
Девять золушек в августе,"6,6"
Корона грешника: Потерянное Рождество,"8,0"
Корона грешника: Спешлы,"7,1"
Корона грешника: Рекомбинация,"7,8"
Корона грешника,"8,3"
Корзинка фруктов (2019),"9,0"
Исчезнувший город,"6,5"
Задержи этот звук!,"9,0"
Магмел синего моря,"7,3"
Беззаботная старшеклассница,"6,1"
Ускоренная девушка ⅙,"6,1"
Жизнь не в одиночку,"7,8"
Похотливая Ао не может учиться,"7,8"
Юная невеста Нобунаги,"6,4"
Мастера Меча Онлайн: Алисизация — Война в Подмирье,"8,7"
Мы не можем учиться!,"8,3"
Микс: История Мэйсэй,"5,8"
Девушка-сэнрю,"8,0"
Парень из эпохи Бакумацу 2,"6,7"
Заметки Ятогамэ,"7,0"
Великий из бродячих псов 3,"9,1"
"Юно: Девушка, что воспевает любовь на грани этого мира","8,2"
Заказывали кролика? 2,"8,0"
Заказывали кролика?,"7,8"
Члены школьного совета 2 OVA,"8,0"
Члены школьного совета 2,"8,1"
Члены школьного совета OVA,"8,1"
Члены школьного совета,"7,9"
История одержимости,"8,5"
Цикл историй: Второй сезон,"9,0"
Истории подделок,"8,7"
Истории монстров,"8,6"
История кошки: Чёрная глава,"8,3"
Истории ран. Часть 3: Холодная кровь,"9,1"
Истории ран. Часть 2: Горячая кровь,"8,9"
Истории ран. Часть 1: Железная кровь,"8,6"
Ангел кровопролития: Спешлы,"8,1"
Путь аса: Второй акт,"8,9"
Путь аса 2 OVA,—
Путь аса 2,"8,7"
Путь аса OVA,—
Путь аса,"8,7"
"Клинок, рассекающий демонов","9,3"
Члены школьного совета,"7,9"
Заказывали кролика? 2 — Моя дорогая сестра,"7,6"
Истории Коёми,"8,3"
История финала,"8,7"
История финала 2,"8,9"
История цветов,"8,4"
Кулинарные поединки Сомы: Третье блюдо — Часть II OVA,"8,5"
История финала: Продолжение,"8,8"
Очаровательная богиня еды,"8,4"
Блич: Воспоминания под дождём,"8,5"
Двенадцать королевств,"8,5"
Горячий парень Джей: Спешл,—
Горячий парень Джей,"6,8"
Империя мёртвых,"8,1"
Моя геройская академия: Восхождение Всемогущего,"8,3"
Re: Жизнь с нуля в альтернативном мире: Снежные воспоминания,"8,4"
Уиз: Спешл,—
Маска героя,"7,2"
Доблесть рыцаря-неудачника,"8,3"
Судьба/Начало 2,"9,0"
Судьба/Начало,"8,7"
Мастера Меча Онлайн: Алисизация — Рекап,"8,4"
Школьные войны 4: Экстремальный Иксполнитель — Спешлы,"6,1"
Семь смертных грехов 2 OVA,"7,9"
Школьные войны 4: Экстремальный Иксполнитель,"6,9"
Школьные войны 3: Великие стражи,"6,8"
Демон против демонов,"8,6"
Пустынная крыса,"8,3"
Хеллсинг: Рассвет,"7,5"
Хеллсинг: Обзор для фриков,"8,0"
Хеллсинг Ultimate,"9,3"
Хеллсинг: Война с нечистью,"8,7"
Эпоха смут: Последняя вечеринка,"6,5"
Эпоха смут 3,"6,2"
Эпоха смут 2,"6,9"
Евангелион 3.33: Ты (не) исправишь,"8,5"
Евангелион 2.22: Ты (не) пройдешь,"8,8"
Евангелион 1.11: Ты (не) один,"8,6"
Евангелион: Конец Евангелиона,"8,9"
Евангелион: Смерть и перерождение,"8,2"
Евангелион,"8,8"
Царство 2,"9,2"
Царство,"8,5"
Рояль в лесу 2,"8,3"
Мелочи жизни: Эпизод 0,"7,5"
Мелочи жизни,"8,7"
Самурай Чамплу,"9,3"
Брошенный кролик: Спешлы,"9,0"
Брошенный кролик,"9,2"
Невиданный цветок,"8,4"
Невиданный цветок,"8,6"
Школа мертвецов: Мёртвые бродяги,"8,2"
Школа мертвецов,"8,5"
"Досье лорда Эль-Меллоя II: Могильщица, кошка и маг","8,1"
Призрак в доспехах: Синдром одиночки,"8,7"
Сёва-Гэнроку: Двойное самоубийство по ракуго OVA,—
Сёва-Гэнроку: Двойное самоубийство по ракуго 2,"8,7"
Сёва-Гэнроку: Двойное самоубийство по ракуго,"8,7"
Эпоха смут,"7,2"
Суперданганронпа 2.5 — Нагито Комаэда и разрушитель мира,"7,9"
Данганронпа 3: Конец школы надежды — Надежда,"7,9"
Данганронпа 3: Конец школы надежды — Отчаяние,"7,8"
Данганронпа 3: Конец школы надежды — Будущее,"7,6"
Баки OVA,"6,5"
Боец Баки (1994),"7,9"
Боец Баки II,"8,5"
Боец Баки,"8,6"
Школьные войны 2: Судьба Дракона — Спешлы,"6,3"
Школьные войны 2: Судьба Дракона,"7,3"
Школьные войны,"6,6"
Гуррен-Лаганн: Звёздный свет,"9,1"
Гуррен-Лаганн: На прорыв!,"9,0"
Гуррен-Лаганн: Спешл,"8,7"
"Гуррен-Лаганн, пронзающий небеса: Мой Гуррен сияет!!","8,5"
Гуррен-Лаганн,"9,4"
Мирай из будущего,"8,2"
Старшая школа DxD: Рождение — Эпизод 13,"8,3"
Старшая школа DxD: Герой — Эпизод 0,"7,6"
Покемон,"8,2"
Сила тысячи: Волки Запада,"5,1"
Пустынная эскадрилья Котобуки,"7,2"
Эндро!,"7,2"
Госпожа Кагуя: в любви как на войне,"8,9"
Домекано,"8,2"
Ура мечте!,"7,8"
Ура мечте! 2,"7,6"
Мастер муси: Следующая глава 2,"9,2"
Мастер муси: Следующая глава,"9,2"
Рыцари Сидонии,"7,5"
Рыцари Сидонии: Битва за девятую планету,"8,3"
Рыцари Сидонии,"8,2"
Любовь эпохи Мэйдзи,"8,1"
Дымная трава,"6,9"
"В лес, где мерцают светлячки","9,1"
Школа между измерениями,"2,9"
Рандеву с жизнью: Суд Маюри,"8,6"
Рандеву с жизнью 2: Куруми на фестивале звёзд,"9,2"
Рандеву с жизнью 2,"8,6"
Рандеву с жизнью OVA,"8,6"
Рандеву с жизнью,"8,3"
Бугипоп никогда не смеётся,"6,9"
Удар крови,"7,7"
Диадема принцессы,"6,1"
Реальная девушка 2,"9,0"
Проект-Б: Кульминационные эмоции,"5,2"
Ангел спустился ко мне!,"7,7"
По ту сторону океана,"8,6"
Укрась прощальное утро цветами обещания,"9,2"
Безумный азарт 2,"8,1"
Твоя апрельская ложь OVA,"8,5"
Твоя апрельская ложь,"9,1"
Пастельные воспоминания,"6,2"
Дороро,"9,3"
Неуклюжая Уэно,"7,0"
Семь смертных грехов: Узники небес,"8,4"
Восхождение героя щита,"9,1"
Девочки-волшебницы: Специальная операция,"7,1"
Блейм! Пролог,"5,3"
Блейм! Спешл,"5,4"
Блейм!,"6,4"
"Блейм! Город, что умирает с древности","8,1"
Ревизия,"6,1"
Мастер муси,"9,2"
Спящая принцесса: Неизвестная история обо мне,"8,0"
Рандеву с жизнью 3,"8,7"
"Может, я встречу тебя в подземелье? Стрела Ориона","8,7"
Разноцветная пастораль: Из Бермудского треугольника,—
Ярость Бахамута: Друзья из Манарии,"6,5"
Пять невест,"8,7"
Заметки Гримм,"6,6"
Девичьи воздушные силы,"7,4"
Я хочу съесть твою поджелудочную,"9,1"
"Домашний питомец, иногда сидящий на моей голове","8,9"
Уиз,"6,1"
Угрюмый заклинатель духов 2,"8,8"
Угрюмый заклинатель духов,"8,7"
Цена улыбки,"7,1"
Клетки за работой: Простуда,"8,5"
Бугипоп никогда не смеётся (2019),"7,7"
Бек,"9,2"
Моб Психо 100 2,"9,2"
Экзотическая семейка 2,"7,4"
Экзотическая семейка,"7,5"
Обещанный Неверленд,"9,3"
Клуб стрельбы из лука,"8,9"
Ингресс,"6,1"
Маг на полную ставку 3,"8,3"
Маг на полную ставку 2,"7,8"
Маг на полную ставку,"7,9"
Ученик чудовища,"9,1"
Секретное назначение девушек-ниндзя OVA,"6,9"
Секретное назначение девушек-ниндзя 2,"6,3"
Секретное назначение девушек-ниндзя,"6,0"
История Мерк,"7,0"
Цирк марионеток,"8,3"
Улисс: Жанна д'Арк и рыцарь-алхимик,"6,5"
Освобождение шпионов,"7,2"
Радиан,"8,2"
Из завтрашнего дня разноцветного мира,"8,8"
Джульетта из школы-интерната,"8,3"
Сумо Хиномару,"8,5"
Взрыв!,"8,1"
В конечном счёте я стану твоей,"8,1"
Моя горничная слишком надоедливая!,"7,6"
Госпожа Вампир по соседству,"7,8"
Зомбиленд. Сага,"7,5"
Между небом и морем,"6,1"
Меч Жёлтого императора. Бледное сияние,"6,6"
Мастера Меча Онлайн: Алисизация,"8,8"
Космический линкор Тирамису 2,"5,5"
О моём перерождении в слизь,"9,1"
Гридмен,"6,8"
Почувствуй ветер,"9,3"
Индекс волшебства,"7,8"
Индекс волшебства II,"8,0"
Индекс волшебства III,"8,1"
Откуда лучше всего видно фейерверк: снизу или сбоку?,"7,4"
Сказка о Хвосте феи 3: Финал,"8,9"
"Моя единственная любовь — младшая сестрёнка, хоть она и не сестрёнка","6,7"
Первоклассный адвокат 2,"8,6"
Первоклассный адвокат,"8,2"
Денежное поле 2,"4,2"
Золотое божество 2,"9,2"
Суши-полиция,"5,2"
Зачатие: Роди мне ребёнка!,"5,0"
Девичьи кричалки!,"6,6"
"RErideD: Деррида, покоривший время","7,1"
Задушевный голос,"7,6"
Великий из бродячих псов: Сгнившее яблоко,"9,1"
Шарлотта: Спешл,"8,8"
Шарлотта,"9,1"
Агу: Гениальные куклы,—
Этот глупый свин не понимает мечту девочки-зайки. Фильм,"9,4"
Этот глупый свин не понимает мечту девочки-зайки,"9,2"
Токийский гуль 4: Перерождение 2,"8,0"
Двойной удар: Даг и Кирилл,"7,3"
Парень из эпохи Бакумацу,"7,0"
Миллион Артуров,"5,9"
Девушки в багряном свете,"6,1"
Убийца гоблинов,"8,8"
Как госпожа Вельзевул пожелает,"7,8"
Книжник-скелет Хонда,"8,1"
Угроза для парня №1,"8,8"
Школа смут,"4,9"
Пристанище для потерянных,"7,1"
Данганронпа: Школа надежды и безнадёжные школьники,"8,2"
"Активный рейд: Мобильная боевая дивизия, восьмой отряд 2",—
"Активный рейд: Мобильная боевая дивизия, восьмой отряд","5,9"
91 изумление,"6,2"
91 день: День 13,"8,3"
91 день: Рекап,"8,1"
91 день,"8,9"
Заводной дух войны: Альдерамин в небе,"8,4"
Бюро паранормальных расследований Мухё и Родзи,"7,8"
Фури-кури 3,"6,0"
Фури-кури,"8,6"
Фури-кури 2,"6,8"
Супердраконий жемчуг: Герои — Миссия «Вселенная»,"7,0"
Меч Гая 2,"6,5"
Магистр дьявольского культа,"9,3"
Планета Уит,"6,4"
Неприятности одной девушки-зомби,"6,3"
Дзёсиоти: Девушка свалилась со 2-го этажа!,"6,7"
Девичья опера: Свет ревю,"6,8"
Гинтама 8,"9,1"
Страна снов и 100 спящих принцев,"6,6"
Кайдзи 2,"8,5"
Кайдзи,"8,7"
Менеджер среднего звена Тонэгава,"7,1"
Юна и горячие источники с призраками,"8,3"
Юна из гостиницы Юраги,"8,3"
Цукумогами напрокат,"6,6"
Смотрительница Сунохары,"8,2"
Небесные волки: Сириус-егерь,"8,4"
Из одной комнаты: Спешл,—
Из одной комнаты: Сосед,"5,1"
Из одной комнаты 2,"6,8"
Из одной комнаты,"6,2"
Баки,"8,6"
Владыка Вермилиона: Король алого лотоса,"6,1"
"Холмс на Тэрамати-Сандзё, Киото","7,8"
Дропкик злого духа,"7,2"
Остров,"8,0"
Повелитель тьмы: Другая история мира,"8,3"
Повелитель Рагнарёка и покровитель эйнхерий,"7,1"
Девчонка не промах,"8,2"
Клетки за работой,"8,7"
Ангел кровопролития,"7,7"
Фантом в сумерках,"7,6"
Плеяда семи звёзд,"7,4"
Куми и тюльпан,"6,7"
Музыка Аки,—
Музыкальные девчонки,"6,1"
Музыкальные девчонки,"4,7"
Тысяча мушкетёров,"4,6"
Харука и Каната принимают подачу,"7,9"
Сладкая жизнь,"7,9"
Бадминтон Аяно Ханэсаки,"7,2"
Необъятный океан,"9,4"
Вольный стиль! Заплыв в будущее,"8,8"
Дорога в школу Чио-чан,"8,3"
Банановая рыба,"9,0"
Из якудза в идолы,"8,0"
Давайте сыграем,"8,5"
Анголмуа: Хроники монгольского нашествия,"8,5"
С этим клубом точно что-то не так!,"7,6"
Баракамон,"9,0"
Ханда-кун,"8,4"
Судьба/Девочка-волшебница Иллия 3: Спешлы,"6,2"
Судьба/Девочка-волшебница Иллия 3,"7,8"
Судьба/Девочка-волшебница Иллия 2: Продолжение — Спешлы,"6,1"
Судьба/Девочка-волшебница Иллия 2: Продолжение,"7,4"
Судьба/Девочка-волшебница Иллия 2 OVA,"6,7"
Судьба/Девочка-волшебница Иллия 2: Спешлы,"6,9"
Судьба/Девочка-волшебница Иллия 2,"7,5"
Судьба/Девочка-волшебница Иллия: Клятва под снегом — Спешл,"6,3"
Судьба/Девочка-волшебница Иллия: Клятва под снегом,"8,0"
Судьба/Девочка-волшебница Иллия: Спешлы,"6,8"
Судьба/Девочка-волшебница Иллия OVA,"6,6"
Судьба/Девочка-волшебница Иллия,"7,2"
Магическая академия Атараксия: Гибрид x Сердце — Спешлы,"7,8"
Магическая академия Атараксия: Гибрид x Сердце,"7,3"
Ребята-чирлидеры!! Рекап,—
Аватар короля: Спецвыпуски,"9,0"
Ребята-чирлидеры!!,"7,1"
Сервамп: Алиса в саду,"8,4"
Сервамп: Весь мир — театр,"7,7"
Сервамп: Спешлы,"7,6"
Мэри и ведьмин цветок,"8,6"
Сервамп,"8,2"
Запретная татуировка,"6,5"
Ди Грэй-мен,"8,8"
Ди Грэй-мен: Святые,"8,7"
Дуэт и вспышка молнии,"8,2"
Мастерская котёнка,"8,4"
Новая игра! 2,"8,3"
Новая игра! Я с коллективом впервые на...,"8,1"
Новая игра!,"8,2"
Сказание об Арслане OVA 2,"7,2"
Сказание об Арслане OVA,"6,5"
Сказание об Арслане,"8,6"
Дни: Матч с академией Тоин,"8,2"
Дни OVA,—
Дни,"8,0"
Проект-Б: Амбициозное биение,"6,9"
"Моб Психо 100: Рэйгэн — Чудо-экстрасенс, которого никто не знает","8,2"
Моб Психо 100,"9,1"
Лу за стеной,"8,0"
Чудачества любви не помеха! История Рикки,"8,3"
Чудачества любви не помеха! На линии фронта,"7,5"
"Вельзепуз: Малыш, которого я подобрал, — Король демонов?!","8,5"
Вельзепуз,"8,9"
Чудачества любви не помеха! 2 Lite,"8,1"
Чудачества любви не помеха! Lite,"8,0"
Чудачества любви не помеха: Положись на меня,"8,9"
Перезапись: Луна и Земля,"8,4"
Перезапись,"8,1"
Чудачества любви не помеха! 2,"8,5"
Чудачества любви не помеха! Яркое... и весёлое Рождество,"8,5"
Моя первая любовь — монстр OVA,"5,3"
Моя первая любовь — монстр,"5,1"
Чудачества любви не помеха!,"8,4"
Мы свяжем лодку,"8,4"
Мир удона Поко,"8,7"
"Путешественницы во времени: Мари, Вака и 8 ученых",—
Оккультная девятка,"7,8"
Марафонцы!,"6,8"
Я требую яоя!,"7,5"
Изо всех сил!!,"8,2"
Кэйджо!!!!!!!!,"7,8"
Последний период: История бесконечной спирали,"5,5"
Чайная «Рокуходо»,"8,6"
Железнодорожный переезд,"6,5"
Красавцы из клуба защитников Земли,"6,1"
Красавцы из клуба защитников Земли 2,"5,3"
Красавцы из клуба защитников Земли OVA,"4,9"
Красавцы из клуба защитников Земли 3,"4,7"
Лострейдж: Объединение «WIXOSS» — Недостающее звено,"3,4"
Селектор: Разрушение «WIXOSS»,"6,9"
Селектор: Заражение «WIXOSS» — Мидорико-сан и Пирурук-тан,—
Второй Мэйджор,"6,4"
Селектор: Заражение «WIXOSS»,"7,5"
Селектор: Распространение «WIXOSS»,"7,8"
Лострейдж: Побуждение «WIXOSS»,"7,3"
Лострейдж: Объединение «WIXOSS»,"6,8"
Крутой учитель Онидзука: Ранние годы,"8,8"
Профессор Лейтон и Дива Вечности,—
Детективное агентство Лейтон: Расследования Кэт,"6,1"
Крутой учитель Онидзука,"9,5"
Денежное поле,"4,6"
Мегалобокс,"9,0"
Люпен III: Часть IV,"7,0"
Люпен III: Часть V,"7,3"
Любовные страсти пансиона Татибана,"6,3"
Тада не может влюбиться,"8,4"
Космический линкор Тирамису,"6,0"
Заблудший путник,"7,6"
Вы ещё не знаете Гунмы,"5,4"
Девушки-пони: Славное дерби,"7,7"
Легенда о героях Галактики (2018),"7,7"
Девочка-волшебница Орэ,"6,7"
Комиксистки,"7,5"
Повелитель 3,"9,0"
Баскетбол Куроко: Последняя игра,"9,2"
Капитан Цубаса,"6,4"
Баскетбол Куроко 3,"9,2"
Дворецкие: История тысячи столетий,"7,0"
Амантю! 2,"6,7"
Амантю! Спешл,—
Амантю!,"7,1"
Потерянная песня,"7,2"
Весы Нил Адмирари: Загадочная история Тэйто,"7,8"
Баскетбол Куроко 2,"9,1"
Баскетбол Куроко,"9,0"
Рок-шоу!! 2,"7,3"
Рок-шоу!!,"7,6"
Матой: Изгоняющая духов — Спешл,—
Матой: Изгоняющая духов,"6,1"
Знойный пинг-понг,"6,4"
Обманщик: «Юные детективы» Рампо Эдогавы OVA,—
Обманщик: «Юные детективы» Рампо Эдогавы,"7,9"
Рояль в лесу,"8,2"
Рояль в лесу,"8,3"
"И все же, грешник танцует с драконом","7,1"
Меч Гая,"6,8"
Повар небесной гостиницы,"8,8"
Алиса или Алиса: Брат-сисконщик и сёстры-близняшки,"6,3"
Я и 23 раба,"7,4"
Сайт волшебниц,"8,0"
Повторная жизнь,"8,7"
Повторная жизнь: Заключительная глава,"9,2"
Небесная машина Пандора,"7,2"
Щелкунчик Китаро (2018),"7,2"
Праздник кукол,"8,5"
Стальная тревога! Новый рейд: Выходной день капитана,"7,8"
Стальная тревога? Фумоффу,"8,4"
Стальная тревога,"8,6"
Стальная тревога! Новый рейд,"8,6"
Стальная тревога! Искусная победа,"8,6"
Реальная девушка,"8,0"
Лиз и синяя птица,"8,2"
Звучи! Эуфониум 2: Спешлы,"7,1"
Аккун и девушка,"7,1"
Звучи! Эуфониум 2,"8,8"
"Звучи, эуфониум! Пусть мелодия дойдёт до тебя","8,0"
"Звучи, эуфониум! Добро пожаловать в клуб духового оркестра старшей школы Китауджи","7,4"
Звучи! Эуфониум: Монака бросилась вперёд,"7,5"
Звучи! Эуфониум: Будни школьного оркестра,"7,1"
Звучи! Эуфониум,"8,5"
Золотое божество,"9,0"
Штурмовые ведьмы,"7,5"
Штурмовые ведьмы: Операция «Стрела победы»,"7,1"
Штурмовые ведьмы 2,"7,4"
Штурмовые ведьмы OVA,"5,8"
Штурмовые ведьмы,"7,4"
Храбрые ведьмы: Эпизод 13,—
Храбрые ведьмы,"6,9"
Магия Стеллы: Спешлы,—
Магия Стеллы,"6,9"
Волшебство: Ренессанс,"7,3"
Лиричная волшебница Наноха 2: Ас,—
Лиричная волшебница Наноха,—
Сердечный треугольник,—
Лиричная волшебница Наноха,"5,8"
Лиричная волшебница Наноха: Ас,—
Лиричная волшебница Наноха: Искатели,—
Лиричная волшебница Наноха: Вивид,—
Вивид Страйк! Спешлы,—
Решающий удар!,"7,6"
Проект воспитания девочек-волшебниц,"7,6"
Работа!! 3: Лорд Таканаси,"7,8"
Работа!! 3,"8,1"
Работа!! 2,"8,2"
Работа!!,"7,9"
WWW.Работа!!,"7,5"
"Изетта, последняя ведьма","7,5"
Апельсин: Будущее,"8,3"
Апельсин,"8,3"
Атом: Начало,"7,1"
Врата Штейна: Найти недостающее звено — Деление на ноль,"9,0"
Эльфийская песнь: Под проливным дождём,"8,2"
Эльфийская песнь,"8,5"
Записки о робототехнике,"7,6"
Врата Штейна 0,"9,2"
Персона 3 фильм 4: Зима перерождения,"7,5"
Персона 3 фильм 3: Падение,"7,2"
Персона 3 фильм 2: Мечта летнего рыцаря,"7,5"
"Персона 4: Золотое издание — Благодарю, Мистер Сообщник",—
Персона 4: Золотое издание,"6,8"
Персона 4: Фактор надежды,—
Персона 4: Никто не одинок,"5,6"
Персона 5: День нарушителей,"7,3"
Персона 3 фильм 1: Новое начало,"7,5"
Персона 4,"7,5"
Персона: Душа троицы,"6,8"
Персона 5,"8,1"
Так сложно любить отаку,"8,9"
"Девочка, покорившая время","8,7"
Би: Начало,"8,2"
Семейка Франкенштейн,"7,3"
Мастера Меча Онлайн: Альтернативная «Призрачная пуля»,"8,0"
Калигула,"6,5"
Линия Дьявола,"8,1"
Поющий принц 4,"6,7"
Поющий принц 3,"7,0"
Поющий принц 2: Спешл,"6,5"
Поющий принц 2,"7,3"
Поющий принц,"7,2"
Бубуки Буранки: Звезда гигантов,"4,9"
Бубуки Буранки,"5,8"
Контракт душ 2,"8,7"
Контракт душ,"8,4"
Кровопийцы,"6,9"
Хладнокровный Хозуки 2: Часть II,"9,0"
Хладнокровный Хозуки 2,"8,9"
Хладнокровный Хозуки OVA,"8,7"
Хладнокровный Хозуки,"8,8"
Путешествие Кино: Прекрасный мир - Страна башни,"7,6"
Путешествие Кино: Для тебя,"7,7"
Путешествие Кино: Жизнь продолжается,"8,3"
Путешествие Кино: Прекрасный мир,"8,8"
Путешествие Кино: Прекрасный мир (2017),"8,6"
Принцесса-шпионка: Доклад Энджи,—
Принцесса-шпионка,"8,1"
"Прекрасна, как луна: Рекап","7,0"
"Прекрасна, как луна: Спешл","6,9"
"Прекрасна, как луна","8,2"
Эроманга-сэнсэй,"7,6"
Как воспитать героиню из обычной девушки 2,"8,1"
Как воспитать героиню из обычной девушки 2: Эпизод 0,"8,1"
Как воспитать героиню из обычной девушки: Пилотный эпизод,"7,7"
Моя геройская академия: Два героя,"8,8"
Как воспитать героиню из обычной девушки,"7,6"
Фантазия Гранблю,"7,3"
Габриэль бросает школу: Спешлы,"8,3"
Габриэль бросает школу,"8,0"
Дракон-горничная госпожи Кобаяси: Валентинки и горячие источники! — Только не ожидайте слишком многого,"8,6"
Дракон-горничная Кобаяши: Спешлы,"7,6"
Дракон-горничная госпожи Кобаяси,"8,5"
АККА: Инспекция по 13 округам — Спешлы,"7,6"
АККА: Инспекция по 13 округам,"8,7"
Этот замечательный мир! 2 OVA,"8,9"
Этот замечательный мир! 2,"8,9"
Этот замечательный мир! OVA,"8,9"
Этот замечательный мир!,"8,8"
Академия ведьмочек: Колдовской парад,"8,5"
Академия ведьмочек,"8,3"
Академия ведьмочек,"8,6"
Первый шаг: Восхождение,"9,2"
Первый шаг: Новый вызов,"9,3"
Первый шаг: Машиба против Кимуры,"8,8"
Первый шаг: Специальный эпизод,"8,5"
Первый шаг: Путь чемпиона,"8,8"
Первый шаг,"9,4"
Намбака: Спешл,"8,3"
Намбака 2,"8,7"
Намбака,"8,7"
Наруто 10: Последний фильм,"8,8"
Наруто 2: Большое столкновение! Призрачные руины в глубине земли,"7,7"
Боруто: Фильм Наруто,"7,1"
Тетрадь дружбы Нацумэ 6: Спешлы,"8,8"
Тетрадь дружбы Нацумэ 5: Спешлы,"8,6"
Тетрадь дружбы Нацумэ: Однажды зимним днем,"8,7"
Тетрадь дружбы Нацумэ: Нянко-сэнсэй и первое поручение,"8,7"
Тетрадь дружбы Нацумэ 6,"9,1"
Тетрадь дружбы Нацумэ 5,"9,1"
Тетрадь дружбы Нацумэ 4,"9,2"
Тетрадь дружбы Нацумэ 3,"9,0"
Тетрадь дружбы Нацумэ 2,"9,0"
Тетрадь дружбы Нацумэ,"9,0"
Сказание о демонах сакуры: Книга сказок,—
Сказание о демонах сакуры OVA,"7,1"
Сказание о демонах сакуры: Хроники снежных цветов,"7,3"
Сказание о демонах сакуры: Небесный гость,"7,4"
Сказание о демонах сакуры: Киотский танец,"7,9"
Сказание о демонах сакуры: Эпизод 0,"7,4"
Сказание о демонах сакуры: Хроники рассвета,"7,8"
Сказание о демонах сакуры: Записи голубой крови,"8,1"
Сказание о демонах сакуры: Сказание о Синсэнгуми,"8,3"
Врата: Там бьются наши воины — Огнедышащие драконы,"8,9"
Врата: Там бьются наши воины,"8,9"
Черный кот: эпизод 24 - Упрямый кот,—
Черный кот,"7,4"
Черная пуля,"8,4"
Бездомный бог OAD,"9,0"
Бездомный бог: Арагото OAD,"9,1"
Бездомный бог: Арагото,"9,0"
Бездомный бог,"8,8"
"Очень приятно, Бог: Будьте счастливы","9,4"
"Очень приятно, Бог 2 OVA","9,4"
"Очень приятно, Бог OVA","9,2"
"Очень приятно, Бог 2","9,3"
"Очень приятно, Бог","9,2"
Пожиратель душ: Класс «НОТ»,"4,5"
Пожиратель душ,"9,0"
Президент студсовета — горничная! Спешл,"8,3"
Президент студсовета — горничная! Омейк,"8,7"
Президент студсовета — горничная!,"9,0"
Темнее черного: Черный контрактор — Спешл,"8,6"
Темнее черного: Черный контрактор — Гайдэн,"8,8"
Темнее черного: Близнецы и падающая звезда,"8,4"
Врата Штейна: Эгоистичная пориомания,"9,1"
Врата Штейна: Зона загрузки дежавю,"9,2"
Темнее черного,"8,9"
Дневник будущего: Повторный набор,"8,1"
Дневник будущего OVA,"7,3"
Дневник будущего,"7,9"
Великий из бродячих псов: Путешествие в одиночку,"8,7"
Великий из бродячих псов 2,"8,9"
Великий из бродячих псов,"8,8"
Последний Серафим: Вампир Шахар,"8,2"
Последний Серафим: Битва в Нагое,"8,8"
Последний Серафим,"8,6"
Сотня,"7,8"
Берсерк 3: Воспоминания ведьмы,"7,1"
Берсерк 3,"7,5"
Берсерк 2,"6,5"
Берсерк: Золотой Век I — Бехерит властителя,"8,3"
Берсерк: Золотой Век II — Битва за Долдри,"8,3"
Берсерк: Золотой Век III — Сошествие,"8,6"
Кулинарные поединки Сомы: Второе блюдо OVA,"8,5"
Кулинарные поединки Сомы OVA,"8,2"
Кулинарные поединки Сомы: Третье блюдо — Часть II,"8,9"
Кулинарные поединки Сомы: Третье блюдо,"9,0"
Кулинарные поединки Сомы: Второе блюдо,"9,0"
Кулинарные поединки Сомы,"9,0"
Кланнад: Продолжение истории,"9,3"
"Кланнад: Продолжение истории — Другой мир, глава Кё","8,5"
"Кланнад: Другой мир, глава Томоё","8,6"
Кланнад фильм,"8,0"
Кланнад,"8,7"
Берсерк,"9,4"
Мастера Меча Онлайн: Порядковый ранг,"8,7"
Мастера Меча Онлайн: Дополнительное издание,"8,0"
Мастера Меча Онлайн 2,"8,6"
Мастера Меча Онлайн,"9,1"
Нана,"9,3"
Мой сосед Тоторо,"9,3"
"Может, я встречу тебя в подземелье? OVA","8,4"
"Может, я встречу тебя в подземелье?","8,7"
"Может, я встречу тебя в подземелье? Меч Оратории","7,9"
Сказка о Хвосте феи 2,"8,9"
Сказка о Хвосте феи: Плач дракона,"8,7"
Лог Горизонт 2,"8,5"
Лог Горизонт,"8,7"
Моя геройская академия: Смертельная тренировка,"8,1"
Моя геройская академия 3,"8,8"
Моя геройская академия 2: Заметки героя,"8,0"
Моя геройская академия: Тренировка спасателей,"8,0"
Моя геройская академия 2,"8,8"
Моя геройская академия,"8,6"
Код Гиас: Нанналли в Стране чудес,"7,4"
Код Гиас: Отступник Акито 5 — Быть любимым,"7,7"
Код Гиас: Отступник Акито 4 — Храня ненависть,"7,5"
Код Гиас: Отступник Акито 3 — Яркое падение,"7,5"
Код Гиас: Отступник Акито 2 — Разрыв Виверны,"7,5"
Код Гиас: Отступник Акито 1 — Падение Виверны,"7,2"
Судьба/Дополнение: Последний вызов на бис,"7,0"
Код Гиас: Восставший Лелуш 2,"9,5"
Код Гиас: Восставший Лелуш — Реквием Зеро,"8,4"
Код Гиас: Восставший Лелуш — Темное восстание,"8,3"
Код Гиас: Восставший Лелуш — Спешлы,"7,9"
Код Гиас: Восставший Лелуш,"9,3"
"Город, в котором меня нет","9,3"
Охотник х Охотник 2,"9,5"
Охотник х Охотник,"9,3"
Ковбой Бибоп: Достучаться до небес,"9,1"
Добро пожаловать в класс превосходства,"8,8"
Ковбой Бибоп,"9,3"
В другом мире со смартфоном,"7,5"
Класс убийц: 365 дней,"8,4"
Класс убийц 2,"9,1"
Класс убийц: Время встречи,"8,5"
Класс убийц: Джамп Феста 2013,"8,0"
Класс убийц,"8,8"
Ходячий замок,"9,5"
Унесённые призраками,"9,5"
Форма голоса,"9,3"
Ярость Бахамута: Невинная душа,"8,5"
Ярость Бахамута: Генезис,"8,5"
Волейбол против «Неудачников»!!,"8,7"
Волейбол!! 3 OVA,"8,6"
Волейбол!! Гений и чувство,"8,5"
Волейбол!! 3,"9,3"
Волейбол!! Победители и проигравшие,"8,8"
Волейбол!! Начало и конец,"8,8"
Волейбол!! 2,"9,3"
Волейбол!! OVA,"8,9"
Волейбол!!,"9,2"
Гинтама 7,"8,9"
Гинтама 6,"9,1"
Гинтама 5,"9,2"
Гинтама 4,"9,2"
Гинтама 3,"9,2"
Гинтама 2,"9,2"
Гинтама,"9,0"
Геймеры!,"7,0"
Токийский гуль: «Джек»,"8,1"
Токийский гуль: «Пинто»,"8,1"
Токийский гуль 3: Перерождение,"7,2"
Токийский гуль 2,"8,3"
Токийский гуль,"8,8"
Старшая школа DxD: Спешлы,"8,1"
Старшая школа DxD OVA,"8,3"
Старшая школа DxD 4: Герой,"8,2"
Старшая школа DxD 3: Рождение,"8,5"
Старшая школа DxD 2,"8,5"
Старшая школа DxD,"8,4"
Серебряный страж 2,"7,0"
Серебряный страж,"6,4"
Аватар короля,"8,6"
Искусство обмана,"5,7"
Двойной ангел,—
Двойной ангел: Прорыв,"6,0"
Семь небесных добродетелей,"5,8"
Прегрешение: Семь смертных грехов,"6,8"
Судьба/Ночь схватки,"8,1"
Сегодняшнее меню для Эмии,"8,1"
Осомацу-сан 2,"7,6"
Осомацу-сан,"7,8"
Сакура — собирательница карт: Прозрачные карты,"6,7"
Динамический аккорд,"5,0"
Классикалоид 2,—
Классикалоид,"6,1"
Танец мечей,"7,7"
Танец мечей: Цветочный круг 2,"7,0"
Танец мечей: Цветочный круг,"7,3"
Школьные няни,"9,1"
"О том, кем работает король драконов","7,8"
Дама и принц,"7,0"
Ох уж этот экстрасенс Сайки Кусуо!,"9,0"
Ох уж этот экстрасенс Сайки Кусуо! 2,"9,2"
Миг за мигом,"8,1"
Трусливый велосипедист: Перерождение,"5,2"
Трусливый велосипедист фильм,"6,7"
Трусливый  велосипедист: Запасной велосипед,—
Трусливый велосипедист: Re:RIDE,"5,3"
Трусливый велосипедист: Специальная поездка,"5,7"
Трусливый велосипедист 2: Большая дорога,"7,9"
Трусливый велосипедист,"8,1"
Трусливый велосипедист 3: Новое поколение,"7,6"
Трусливый велосипедист 4,"6,9"
"Дальше, чем космос","8,7"
Убийца Акамэ!,"9,1"
Парни «Санрио»,"7,3"
Медленный старт,"7,3"
Возрождающие,"8,3"
Механическая планета,"8,5"
Любовь тирана,"7,3"
Попсовый эпос,"8,2"
Клуб кабуки: Спешл,—
Клуб кабуки,"5,9"
Да просто так!,"7,8"
Смертельный укус,"7,7"
Легенда о Гранкресте,"8,4"
Жрицы с мечами,"7,6"
Коллекция Дзюндзи Ито,"8,2"
Хакумэй и Микоти,"8,7"
Легенда о перевороте: Роман о заклятых богах,"5,6"
Вайолет Эвергарден,"9,3"
Охотник за душами,"5,2"
Сказочная девочка,"6,4"
Лагерь на свежем воздухе,"8,9"
Выпиваем дома,"7,4"
Как вырастить мумию,"8,6"
Сказка о Хвосте феи,"8,7"
Судьба/Апокриф,"8,2"
25-летняя старшеклассница,"5,5"
Военная хроника маленькой девочки,"8,7"
Семь смертных грехов: Знамение священной войны,"8,4"
Семь смертных грехов 2: Пролог,"8,3"
Нет игры — нет жизни: Начало,"9,0"
Нет игры - нет жизни: Спешлы,"7,9"
Нет игры — нет жизни,"8,9"
Блич,"9,3"
Скитальцы,"9,0"
Безумный азарт,"8,2"
Две звезды онмёджи,"8,5"
Юри на льду: Спешл,"9,0"
Юри на льду,"8,8"
Свиной рамэн из Хакаты,"8,3"
Созданный в Бездне,"9,3"
Сад изящных слов,"8,7"
Судный день,"6,4"
Озорная Такаги,"8,1"
Гаро: Багровая луна,"5,9"
Гаро: Печать пламени,"8,0"
Гаро: Линия схода,"7,0"
Магазинчик сладостей,"7,4"
Магазинчик сладостей 2,"7,8"
Трехцветные звездочки,"7,2"
Мартовский лев,"8,4"
Мартовский лев 2,"9,0"
Герой Юки Юна: История героя,"5,9"
Василиск,"8,3"
Василиск: Легенда об Оке,"6,0"
Любимый во Франксе,"8,0"
Империя Альтаир,"8,3"
Аниме-истории,"6,6"
Хлопушка-раскладушка,"7,6"
Коидзуми-сан любит рамен,"6,8"
Любовь похожа на прошедший дождь,"8,2"
Слабый удар,"7,9"
Марш смерти под рапсодию параллельного мира,"8,0"
Получеловек OVA,"7,2"
Получеловек. Фильм 3: Противостояние,"7,6"
Получеловек. Фильм 2: Столкновение,"7,7"
Получеловек. Фильм 1: Импульс,"7,5"
Полулюди 2,"8,3"
Полулюди,"8,1"
Драконий жемчуг: Супер,"8,7"
Семь смертных грехов,"8,8"
Семь смертных грехов 2,"8,7"
Цитрус,"7,9"
Бакуман 3,"9,3"
Бакуман 2,"9,1"
Бакуман,"9,1"
Врата Штейна,"9,2"
Стальной алхимик: Братство,"9,4"
Стальной алхимик,"9,3"
Мой жених — своенравный и инфантильный ученик,"6,4"
Двуличная сестренка Умару! OVA,"7,6"
Двуличная сестренка Умару! S,"7,3"
Двуличная сестренка Умару! 2,"7,9"
Двуличная сестренка Умару!,"7,5"
Невеста чародея,"8,2"
Невеста чародея: Эпизод 0,"7,5"
Невеста чародея: В ожидании путеводной звезды,"9,0"
Невеста чародея,"8,9"
Живая любовь! Сияние!! 2,"7,2"
Живая любовь! Сияние!!,"7,5"
"Было бы лучше, если бы здесь была только младшая сестра","7,5"
Садистская смесь,"8,2"
Re:Petit. Жизнь с малого в альтернативном мире,"6,4"
Re: Перерыв с нуля,"6,8"
Re: Жизнь в альтернативном мире с нуля,"8,7"
Наруто: Найти темно-красный четырехлистный клевер!,"7,4"
Твоё имя,"9,3"
Наруто: Битва на Хидден-Фолс,"7,7"
Наруто: Спортивный фестиваль Конохи,"7,8"
Наруто 1: Книга искусств ниндзя Снежной принцессы,"8,0"
Наруто: Ураганные хроники,"9,4"
Наруто,"9,1"
Повелитель,"9,1"
Повелитель 2,"8,9"
Ван-Пис: Приключения в Алабасте — Пролог,"7,2"
Ван-Пис фильм 8: Приключение в Алабасте — Принцесса пустыни и пираты,"7,5"
Покемон: Солнце и луна,"7,4"
Тетрадь смерти. Перезапись: Глазами Бога,"8,4"
Тетрадь смерти,"9,2"
Ван-Пис: Приключение в Небуландии,"7,2"
Ван-Пис: Золото,"8,3"
Ван-Пис 3D2Y: Пережить смерть Эйса! Обещание Луффи своим накама,"7,9"
Ван-Пис: Остров мечты,"7,4"
Ван-Пис: Начало приключений,"6,0"
Ван-Пис: Эпизод Луффи — Приключения на Ладоневом острове,"7,5"
Ван-Пис фильм 11: Z,"8,3"
Ван-Пис 3D,"4,6"
Ван-Пис 3D: Погоня за соломенной шляпой,"5,8"
Ван-Пис: Жестокий мир — Эпизод 0,"8,0"
Ван-Пис: Начало приключений,"7,4"
Ван-Пис: Жестокий мир,"8,1"
Ван-Пис: Театр Мугивары,"6,3"
Ван-Пис: Цельсь! Пиратские короли бейсбола,"7,0"
Ван-Пис: Футбольный король мечты,"7,2"
Ван-Пис: Танцевальный марафон Джанго,"7,6"
Ван-Пис: Воспоминания детектива в соломенной шляпе,"7,3"
Ван-Пис: Защитить! Последнее великое представление!,"7,4"
Ван-Пис: Открытие в большом море! Большая мечта отца!,"7,1"
Ван-Пис: Приключение в глуби океана,"7,7"
Ван-Пис: Победить пирата Ганзака!,"7,6"
Ван-Пис фильм 7: Гигантский механический солдат замка Каракури,"7,5"
Ван-Пис фильм 6: Барон Омацури и Секретный Остров,"8,1"
Ван-Пис фильм 5: Проклятие Святого Меча,"7,5"
Боруто: Новое поколение Наруто,"5,1"
Ван-Пис фильм 4: Путешествие в один конец,"7,8"
Ван-Пис фильм 3: Королевство Чоппера на Острове Необычных Животных,"7,3"
Ван-Пис фильм 2: Приключение на Заводном Острове,"7,7"
Ван-Пис фильм 1,"7,8"
Ван-Пис,"9,4"
Сквозь бальный зал,"9,2"
В песках поющие китята,"8,1"
Две машины,"5,9"
Темный дворецкий: Глава об убийстве,"9,1"
Тёмный дворецкий: Глава о цирке,"8,9"
Темный дворецкий: Глава об Атлантике,"9,2"
Урахара,"5,8"
Эльсворд: Воспоминания Айн,—
Атака титанов 3,"9,3"
Эльсворд: Леди Эль,"6,1"
Королевская игра,"6,9"
Девушки на последнем году обучения,"5,4"
Девушки в последнем путешествии,"8,8"
Список нечисти,"6,4"
Один из отвергнутых: Изгой 2,"8,2"
Один из отвергнутых: Изгой,"7,8"
Полноценная жизнь онлайн: Спешл,"8,4"
Полноценная жизнь онлайн,"8,2"
Исполнительный комитет признаний в любви: Пятничное «Доброе утро»,"7,5"
"Я все жду, когда ты полюбишь меня","7,3"
Исполнительный комитет признаний в любви,"7,8"
Нас всегда разделяли 10 сантиметров,"8,4"
Лунная песнь,"5,8"
Лунный проект,"5,4"
Моя девушка — убежденная извращенка-девственница OVA,"7,2"
Моя девушка — убежденная извращенка-девственница,"7,0"
Хранитель вечности,"8,0"
Нэгима?! Летний спешл?!,—
Нэгима?! Весенний спешл?!,—
Волшебный учитель Нэгима! Белые крылья,"6,1"
Нэгима?!,"6,2"
Волшебный учитель Нэгима!,"6,8"
Фронт кровавой блокады 2,"8,4"
Фронт кровавой блокады: Король ресторана королей,"8,0"
Фронт кровавой блокады: Лучшие и худшие дни в жизни,"7,9"
Фронт кровавой блокады,"8,2"
Чёрный клевер: Джамп Феста 2016,"8,3"
Чёрный клевер,"9,2"
Атака титанов: Потерянные девушки,"8,8"
Атака! Титаны средней школы,"7,7"
Атака титанов: Выбор без сожалений,"9,3"
Атака титанов: Крылья свободы,"8,5"
Атака титанов: Багровые луки и стрелы,"8,5"
Атака титанов: Оборона «Skytree»,"4,8"
Атака титанов: Спешлы,"6,7"
Атака титанов: Рекап,"8,3"
Атака титанов OVA,"8,8"
Атака титанов 2,"9,4"
Атака титанов,"9,4"
Инуясики,"8,2"
Ванпанчмен: Путь к становлению героем,"9,0"
Ванпанчмен: Спешлы,"8,9"
Ванпанчмен 2,"8,9"
Ванпанчмен,"9,3"
